frequencies,power,peak_index
0.01995414289931093,28.505909952878305,614
0.03849247378828011,13.24211757200073,1232
0.057270783070634,28.797793130853425,1858
0.07604909235298789,15.20868674622982,2484
0.09524736382376503,25.15676828056743,3124
0.11435564339702291,12.01935220200751,3761
0.13310395538020373,21.91535433350065,4386
0.15227222955180778,12.614273607653073,5025
0.17114053073168095,16.868833379230693,5654
0.18994883731320794,9.484719555307667,6281
0.20893712768977346,12.404299749658373,6914
0.2281054018613775,8.577572639240062,7553
0.24640375435696196,7.933878317039411,8163
0.2656620204260853,6.117063674845346,8805
0.2801207186275143,5.389424625900667,9287
0.2955993250008284,3.2217529014313295,9803
0.3040585633676396,4.460083493875196,10085
0.3171673831062796,4.018844491103867,10522
0.33069616503334287,3.219313289008722,10973
0.34305505229265565,4.122846791119542,11385
0.35568391524452625,3.020237143265916,11806
0.3670528916311271,4.517320253929295,12185
0.3838813764672302,5.163389324138878,12746
0.39429043928029217,1.2748331560626738,13093
0.40493948048673883,5.067341688618407,13448
0.422457903203823,6.0994146549522466,14032
0.4425860909489659,5.510110968481085,14703
0.4610344299404158,6.828694363172806,15318
0.48011271221450064,4.95396707803101,15954
0.4991909944885854,6.34201749163114,16590
0.5177593226767276,4.844876969630748,17209
0.5287083368749053,3.33339188952248,17574
0.5376475320284859,5.374025681633954,17872
0.5546260033604544,4.176950395809519,18438
0.5663849446363054,3.154318852294692,18830
0.5758040965766554,4.026708359981643,19144
0.5898728298888343,4.1013354708488805,19613
0.6040915496968786,2.2878974842389734,20087
0.6133307178421902,2.369400297453221,20395
0.6290493026088889,3.5823986029078556,20919
0.6414981817657209,2.236786182330351,21334
0.6516072715870521,1.2452319270464485,21671
0.666695913071116,2.411743011917031,22174
0.6787848246378709,2.141295384998658,22577
0.692913552548396,1.1714014476100585,23048
0.714751586346405,3.0113928917739705,23776
0.732539984756047,2.6424604965897016,24369
0.7535680914763826,4.126627719618698,25070
0.7712365006893321,3.2464605716139183,25659
0.7907647424510132,4.621211476087179,26310
0.8110429166920217,2.8824137539216537,26986
0.8263415392702972,3.8321099087544797,27496
0.848449548760864,3.5110850292494,28233
0.8659979687771212,3.3289162798001493,28818
0.886426129513995,2.968009815991356,29499
0.904874468505445,1.7064133270650468,30114
0.913633679863987,2.3404761615978322,30406
0.9244327075662991,1.3741156721005878,30766
0.9359516704487654,0.6681573171615312,31150
0.9492104766832709,1.90048150758696,31592
0.9597095313938522,1.7218704123016135,31942
0.9718284402597802,1.3127358324542457,32346
0.9878469980182099,1.8178120399673217,32880
0.9973561418560792,2.1839812670420455,33197
1.0095950399186997,2.4680338192908993,33605
1.0232438110424553,1.2736191817891,34060
1.0359926631910181,1.3803992363642075,34485
1.0492214721263506,1.6959392175959545,34926
1.0605904485129514,2.792566185801598,35305
1.0733393006615144,1.0101309025847995,35730
1.0864481204001544,1.0809265621483695,36167
1.099466948241275,4.1188942176413565,36601
1.1105959462344912,0.6386427354518054,36972
1.1189951900029562,1.7411187337100893,37252
1.1279043878573638,0.5909617220266702,37549
1.1394533480390032,3.384438905059286,37934
1.1561318463792407,1.8402327391976727,38490
1.1768299828086723,2.3359635197225064,39180
1.1938984460381603,2.295759021080237,39749
1.2064673143916846,1.9182312772621564,40168
1.233824851237542,1.77679107486721,41080
1.2570727580966863,0.7503416398055187,41855
1.2712914779047306,1.5151140360722857,42329
1.289289857408584,2.234651958946705,42929
1.302668652839782,1.957836953280663,43375
1.3135576724396134,0.8599693631812785,43738
1.3277163976493116,2.196271740172346,44210
1.3395053362243357,1.8108527618309203,44603
1.3504843477216864,1.2699871862503478,44969
1.3673128325577895,1.733381201346997,45530
1.3789517846369481,0.8493609407835104,45918
1.4005198427423993,2.1819277786411773,46637
1.4146785679520975,1.1566400226490783,47109
1.4235577685073317,0.8716124730380131,47405
1.4337868475253552,2.0736988157239122,47746
1.4510352945498817,1.5160013827205987,48321
1.4600944789001546,2.5278699878892636,48623
1.4723333769627749,2.453633729036316,49031
1.4965711946946312,1.877881021421855,49839
1.5103399550150791,2.428543165744455,50298
1.5241987072330463,1.915139124459922,50760
1.5357176701155126,1.5860162039912216,51144
1.5468466681087287,2.218453062918701,51515
1.5621152933878313,1.5261133411391672,52024
1.5733642805777397,1.6432918532941498,52399
1.585903151632091,2.4395410440694665,52817
1.5985320145839617,1.0186725873196267,53238
1.6209399970662592,1.7545359319289338,53985
1.6379184683982277,1.19725511357807,54551
1.649437431280694,0.7071234059242516,54935
1.6572367290656973,1.4036087390109713,55195
1.6686357027514713,1.2704876630101891,55575
1.6804846359248415,0.9945263456785867,55970
1.694073412450251,1.846568248238308,56423
1.7061923213161792,2.74439905831063,56827
1.7211609736035507,1.1924470094563429,57326
1.73270993378519,1.2766568785458217,57711
1.7443188885651755,2.4292902996825365,58098
1.760637419315336,1.1075091595739528,58642
1.7712564632226098,0.9257537000399506,58996
1.7834653639860572,2.264921459310595,59403
1.7979540594866592,1.1147423932788068,59886
1.8094730223691255,1.1488858281065029,60270
1.8196421067888027,2.1328228490234054,60609
1.8371305322067137,1.4986355320744227,61192
1.8535390548543937,1.4676307040303955,61739
1.8635881500773785,1.0804805542919884,62074
1.8749571264639795,1.0051003076928582,62453
1.8916956194025631,1.8565809092761594,63011
1.9026146363015677,0.2987147295777105,63375
1.9122737666353025,0.9942729824240109,63697
1.9301521569424638,1.7745263467603705,64293
1.941341149534026,0.5698445010340686,64666
1.9549299260594355,0.9002239105944722,65119
1.9677387728063445,2.22660550611893,65546
1.9820474845119083,1.0959001291299169,66023
1.9948563312588172,0.8528972136239636,66450
2.006555277936322,1.9833389908294878,66840
2.019664097674962,1.2546682409156038,67277
2.0334928525937563,1.1496555003771616,67738
2.044741839783665,1.9768367156869817,68113
2.056590772957035,1.2560441347686617,68508
2.0694296170031174,0.8372338261895593,68936
2.0798386798161794,1.6013083754291884,69283
2.09489732400107,0.7879235229754976,69785
2.116405387508175,1.7371907189342723,70502
2.1278043611939492,0.8912134882932586,70882
2.1376434753227223,0.39505156201353087,71210
2.1548019304497292,1.3543001871538016,71782
2.1656309554512148,1.398905019193669,72143
2.177539883222931,0.36875117689827575,72540
2.1928385058012068,1.206762263343792,73050
2.2036075362043457,1.3963019451325929,73409
2.2280553350304135,1.2698598657109867,74224
2.24074419258063,1.4367264625595317,74647
2.2609623722232923,0.827945190057589,75321
2.2714914242330466,1.3708234315395458,75672
2.2805506085833196,2.00361744999337,75974
2.297799055607846,0.7107437059593399,76549
2.309887967174601,1.393719459176749,76952
2.319247124516605,1.2259641748302585,77264
2.3395852933559595,1.0575997711209677,77942
2.357313697167255,0.23963424372192133,78533
2.3662228950216626,0.5945627266473573,78830
2.3788217606743602,1.214981735624783,79250
2.4048594163566017,0.6141161094772154,80118
2.4193481118572038,1.1069831209587964,80601
2.4320369694074206,1.436538680153046,81024
2.4427760025113865,1.2810159021848626,81382
2.456334781737623,1.1364746856713097,81834
2.469443601476263,1.9962236338163326,82271
2.4800926426827097,1.8729194812886951,82626
2.4954212625601584,0.7503706119055575,83137
2.5080801228112017,1.870428236094769,83559
2.5213989236440537,1.326596115962072,84003
2.534027786595924,0.5139840017811413,84424
2.545126787289967,2.0826696306213637,84794
2.561535309937647,1.4529307820235444,85341
2.573564226906056,0.8494503551457248,85742
2.583013376145579,1.3227501475090155,86057
2.603471534181626,1.2308293125073868,86739
2.6137906050971687,1.129733028484814,87083
2.6305290980357525,0.6421584227679326,87641
2.643457933979354,1.291690907196307,88072
2.651587202055261,1.441369253998111,88343
2.6658959137608247,1.4049066700543567,88820
2.6771149036515602,1.340769317342519,89194
2.689893753099296,1.572543706092247,89620
2.7029125809404166,1.7064000977289164,90054
2.71401158163446,1.2321539594291375,90424
2.7283502906391965,1.3039715329147918,90902
2.7418490752670865,2.1138519087962298,91352
2.754327951723092,1.2320226501368203,91768
2.7668668227774433,0.6417232432585507,92186
2.778865742446679,1.6620108243995875,92586
2.793714405537358,1.4043238548559898,93081
2.816512352908906,1.3458706715023347,93841
2.8361305865681063,1.3645505066391779,94495
2.849779357691862,2.1166424083992146,94950
2.8620182557544824,0.2779412420661657,95358
2.874587124108007,1.911805453360554,95777
2.8856561275028767,1.8120299216477964,96146
2.899544877020017,1.2728217454973938,96609
2.912533707561965,1.759645777165004,97042
2.924352643436162,1.414043066442791,97436
2.937071498285552,0.8493575561586436,97860
2.94832048547546,0.90224161048634,98235
2.963349132361178,1.1780873072769653,98736
2.9752880574320675,1.5072002497019623,99134
2.986507047322803,0.6648236908214078,99508
3.0024056158845402,0.8244435956941578,100038
3.0139845733653527,1.222929164109619,100424
3.0265234444197042,0.9269212872215926,100842
3.050041326971406,1.1764170745295317,101626
3.060780360075372,0.7407565323300159,101984
3.069809547126472,1.2972193339503582,102285
3.0823184208816503,1.4432228266777096,102702
3.0951872622269057,1.3198525910046077,103131
3.1067062251093716,1.2284707096777323,103515
3.122544799072763,1.0879724629588237,104043
3.1338237835618443,0.8099052437599129,104419
3.1456427194360415,1.4941500849592082,104813
3.159531468953182,1.404870019720351,105276
3.1724003102984373,1.213951010414765,105705
3.1845792137627114,1.4663792069498196,106111
3.198827930869929,1.7158812103810916,106586
3.2196460564960527,1.2273499110211874,107280
3.234434724988386,1.3169110112224856,107773
3.2476935312228914,0.8940460641088412,108215
3.2568127101715105,0.7182496460094363,108519
3.2743311328885945,1.0376232157008145,109103
3.284620206504964,1.4060611589053575,109446
3.29496927471968,0.7185206984199052,109791
3.3061582673112424,0.8799520375638166,110164
3.3138675731987264,0.6088677747549508,110421
3.3306060661373103,0.4012032320594534,110979
3.3435349020809118,1.4848959093912737,111410
3.3578136164873023,0.6373414396199355,111886
3.37896171240433,1.7244024111417093,112591
3.3948902782652404,0.7102415411260884,113122
3.4059292843609374,1.6549705850793495,113490
3.419698044681385,1.302374111840401,113949
3.4388663188529893,1.293270761205607,114588
3.4563547442709006,0.9057831344210299,115171
3.4761529617251394,0.8843482297007582,115831
3.514879474957598,1.2023694184348201,117122
3.535247641096125,0.8901504614730856,117801
3.5490164014165733,1.2657249698435247,118260
3.5753240327913725,1.63752167217172,119137
3.609160986258617,2.026022734829375,120265
3.62724935765999,0.8973265023578049,120868
3.648967402261307,2.121058452830067,121592
3.673535190284067,1.0758205617279377,122411
3.6855041126541295,1.718092354458175,122810
3.7009827190274436,1.2215167270891982,123326
3.7109418223529094,0.954042821161131,123658
3.722940742022145,1.402820477243608,124058
3.737759407813651,1.3024543038074596,124552
3.750088297773791,0.7935933377792991,124963
3.7664368258231242,1.0022737625302183,125508
3.776995875132052,0.9882083060329221,125860
3.7880048839285756,0.8914146732550613,126227
3.7965841114920793,0.5280941770247616,126513
3.808643025759661,1.874383766439826,126915
3.8303010757626317,1.7408757052882233,127637
3.843949846886387,2.6546312571712063,128092
3.8590984829687973,0.6004513735338276,128597
3.8695375430810324,1.4985375650773691,128945
3.882106411434557,2.7596118960809677,129364
3.8964751177384667,1.8555718348250019,129843
3.9086540212027407,2.23953556208581,130249
3.9199330056918225,3.524981265961287,130625
3.9340017390040014,2.692662528122102,131094
3.9466605992550448,1.641841293845816,131516
3.956769689076376,2.769377496198997,131853
3.973568176613306,2.1585760554769027,132413
3.9840972286230603,0.6262521286755449,132764
3.9965161104807194,1.390017683293786,133178
4.0117847357598215,2.2277332327492982,133687
4.03080302343556,1.0692931074765122,134321
4.041932021428776,2.1935665406458655,134692
4.053480981610416,1.8629410475602945,135077
4.066079847263113,1.08026551292858,135497
4.078108764231522,3.0737300805946712,135898
4.091097594773469,2.1061265097190662,136331
4.103276498237744,1.8418411047622971,136737
4.11683527746398,3.580697441380602,137189
4.129584129612543,1.8852042357418453,137614
4.140383157314855,1.4719482132500556,137974
4.1535819689510145,3.5487775629261744,138414
4.167920677955751,3.1505703618994536,138892
4.179349648940698,2.8548500244697395,139273
4.191198582114068,3.79815922071973,139668
4.206317220897305,3.6450329404845934,140172
4.217416221591348,2.219239746178382,140542
4.22947513585893,3.2021858664357485,140944
4.245283712523149,4.217830083428247,141471
4.264421989395579,2.9482318905342524,142109
4.284940142029972,4.226132981820383,142793
4.301438656575171,3.644361027927238,143343
4.324296598545065,5.082844642614136,144105
4.33968521302086,4.2468653976768636,144618
4.3507842137149035,2.4600664848829386,144988
4.362633146888274,5.85972637802325,145383
4.3766418856021065,3.9625518603900773,145850
4.388460821476303,3.1064144200240262,146244
4.401899611505847,4.5738315772885585,146692
4.414378487961852,3.3574062899169834,147108
4.426917359016204,3.0962648489031643,147526
4.440416143644094,3.6598614636622204,147976
4.451065184850541,2.3236339490899436,148331
4.463724045101585,3.587484715971744,148753
4.47950262446663,1.260007703989794,149279
4.4927314334019615,3.628031839188638,149720
4.499810796006811,4.026424390452165,149956
4.518259134998261,5.027243815714052,150571
4.533677746773229,8.84012964636256,151085
4.551796115473775,3.082999160783397,151689
4.572254273509822,10.70193859962571,152371
4.607261121644817,13.978973106173033,153538
4.649707299974738,13.510781029020194,154953
4.661076276361339,7.883235233486779,155332
4.6707054093959,5.908638674349045,155653
4.680304545131289,12.232674060994245,155973
4.690863594440216,19.63544666262736,156325
4.701392646449971,14.959855263172024,156676
4.711081774082879,13.97639220212332,156999
4.722720726162037,35.40440170833005,157387
4.733129788975099,14.629240164471891,157734
4.742938905804699,20.064613130375683,158061
4.752118079351665,17.226759440177283,158367
4.763367066541574,59.447185324831224,158742
4.774556059133135,17.591403989815678,159115
4.78382522457762,19.049060232958965,159424
4.793604344108047,14.402422925855582,159750
4.80401340692111,34.127067503152354,160097
4.815442377906057,13.510812721526186,160478
4.825161502838137,16.113361725960274,160802
4.835360584556987,16.96646492053321,161142
4.845709652771704,12.790122681058014,161487
4.855158802011227,4.321426635216014,161802
4.864727940447442,7.559851200937379,162121
4.87771677098939,13.315825915858445,162554
4.892295458387511,6.2771327192351745,163040
4.917643176188772,13.725916850718132,163885
4.933481750152163,10.472719024580758,164413
4.952949997315498,10.036782413060456,165062
4.967678671209485,14.46148585353884,165553
4.9868769426802615,6.704235740767998,166193
4.998515894759421,5.51909564135945,166581
5.0083250115890205,12.915805931403444,166908
5.01909404199216,7.789468855988027,167267
5.030223039985375,4.540585441711866,167638
5.040182143310841,1.0170860081274635,167970
5.04969128714871,6.026917984757401,168287
5.0608502824411,4.1066013568515745,168659
5.071739302040931,2.5263935966894,169022
5.082418340546551,2.521876577926568,169378
5.099576795673558,2.48851898169357,169950
5.112835601908063,2.192133112037761,170392
5.126124405441742,5.231391145108365,170835
5.138873257590305,3.128574317560805,171260
5.14892235281329,3.9459570522283225,171595
5.160531307593276,3.9151071333236342,171982
5.165570853854354,3.6078187941238866,172150
5.177599770822764,1.4869778539334078,172551
5.18785884713996,3.8616954132114674,172893
5.2021975561446965,6.21960241276359,173371
5.2159063218667985,1.16443012475485,173828
5.225955417089783,4.023775770447375,174163
5.24359382900356,4.563327045529045,174751
5.262372138285913,2.9878795249250505,175377
5.281090452969921,5.042604988268153,176001
5.2983089026952745,2.994104885792814,176575
5.311927676519857,1.8645826745359364,177029
5.3204769067841875,3.1861650276076223,177314
5.335475556370732,2.6109358035872576,177814
5.348134416621776,2.2592369013678324,178236
5.358453487537319,2.6284327563138215,178580
5.372072261361901,3.4105484397547303,179034
5.385541048690619,1.909739681739124,179483
5.398139914343316,1.2531915249126375,179903
5.411428717876994,3.3583453010120463,180346
5.423937591632172,2.105481918943581,180763
5.436716441079908,2.0276577138412777,181189
5.449015333740875,3.280385857831554,181599
5.460744277717553,1.7082234380593555,181990
5.475682932705752,2.1544994506039026,182488
5.48849177945266,2.9635785977193985,182915
5.511589699815939,3.0011051661094457,183685
5.523228651895098,1.9507538039028065,184073
5.531087944278448,1.455590601069725,184335
5.542036958476625,1.0254689261886596,184700
5.552596007785553,2.5789764193097686,185052
5.570174425100983,2.1435125871939262,185638
5.581243428495853,2.101024965131249,186007
5.591532502112223,2.578550460414217,186350
5.608240997751633,1.895527070606838,186907
5.619609974138234,1.688871260675527,187286
5.631308920815739,2.3950639894850467,187676
5.645677627119649,2.281343628748116,188155
5.6593263982434046,1.6713086866229967,188610
5.671235326015121,1.6845366521641514,189007
5.682004356418259,1.938837600137641,189366
5.702342525257614,1.3117913532345002,190044
5.72211074541268,1.9777379348956523,190703
5.738369281564495,1.0557315900868784,191245
5.756637636760906,1.0128626256661026,191854
5.765336853521101,0.89841188234003,192144
5.779045619243203,1.2498335785155361,192601
5.802773482889117,1.6224780911544174,193392
5.817952116270701,1.2029420668945354,193898
5.84338982596948,1.7311150187774054,194746
5.8568886105973705,1.2420359015274849,195196
5.884486125836612,1.5785889318119648,196116
5.9000847214066185,0.6159658621965524,196636
5.923002657974859,1.6432742559337559,197400
5.939111207630808,0.6660933337442496,197937
5.9623891117891255,1.4312825018051396,198713
5.986056980836692,0.8599217510651507,199502
6.0052252550082965,1.2824937556419478,200141
6.0148843853420315,1.204564693674269,200463
6.027843218584806,0.7066051322201506,200895
6.043681792548197,1.0696153822564534,201423
6.05682060958601,1.06607017917446,201861
6.070139410418862,1.3456780807655893,202305
6.083248230157502,1.301761238282727,202742
6.092367409106121,1.274332910980555,203046
6.109075904745532,1.0674314916638654,203603
6.121044827115594,0.818879794991214,204002
6.1333737170757345,1.4647058263876203,204413
6.145942585429259,1.7215441719724058,204832
6.158151486192706,0.6652260126884758,205239
6.1738700709594045,1.4839911234177388,205763
6.186258955517891,1.1811663754549022,206176
6.197867910297876,0.9168711406849167,206563
6.2124465976959975,1.2336663814321964,207049
6.2215357793454436,1.2054568084696766,207352
6.239714142644336,1.0362543657918626,207958
6.251533078518533,1.463197869526134,208352
6.274361023189254,0.9006237296550336,209113
6.293229324369127,1.588215503165042,209742
6.315217344663002,1.2718531004385123,210475
6.32889611308593,1.1359420412479673,210931
6.34569460062286,1.3236083811299644,211491
6.356133660735095,1.7022524880344643,211839
6.369692439961332,1.268173057576255,212291
6.3826512732041065,1.328177598139571,212723
6.391830446751071,1.3063349765175334,213029
6.408838915382213,0.962496820734129,213596
6.420537862059718,1.475390810929167,213986
6.429417062614952,1.5585664870449356,214282
6.44561560416842,0.44739424511080056,214822
6.462564078201216,1.2010456904386961,215387
6.473063132911797,0.7130603395614765,215737
6.48503205528186,0.734219452247792,216136
6.496790996557711,0.9652334694055794,216528
6.505280232223695,1.145928191654345,216811
6.525558406464704,0.9742248450187568,217487
6.539057191092594,0.8315276849470437,217937
6.5487463187255015,0.6042192066465257,218260
6.559515349128641,1.1017059974984749,218619
6.568334555085529,0.9894872524451448,218913
6.579583542275437,0.8627128565629855,219288
6.58912268341248,0.3230810473062377,219606
6.604061338400678,1.495038321982249,220104
6.617500128430223,0.46381221885130614,220552
6.625989364096206,0.2554322161499938,220835
6.643657773309156,1.6608363677856843,221424
6.654636784806507,0.34244606251428344,221790
6.664745874627838,0.5720685930206154,222127
6.680794429685441,1.4697908322625857,222662
6.718501034746014,1.6080829581725957,223919
6.729870011132615,0.6667424612580225,224298
6.742768849777043,0.6952766632670901,224728
6.75506774243801,0.9715149916407467,225138
6.771716243479074,0.6692904101804027,225693
6.78449509292681,0.5466112216314759,226119
6.794874158440699,0.8446048739801213,226465
6.812362583858611,0.935735930949407,227048
6.825921363084847,0.4375697542319696,227500
6.850249172714222,0.6443570232097844,228311
6.871487260528769,0.4435337708573123,229019
6.888495729159911,0.7518443526497426,229586
6.912103603609133,0.7748475581313087,230373
6.9371213511194885,0.6861423565315395,231207
6.950650133046552,0.9665524437634495,231658
6.963338990596768,0.6286349413939275,232081
6.980017488937007,1.1339170503547542,232637
6.9979258765433405,0.5852495099095251,233234
7.014454388387713,1.0724746833762426,233785
7.024533480909871,1.0172886298753265,234121
7.03569247620226,0.050598435544110136,234493
7.05501073686973,1.0441450621387036,235137
7.093287290614591,1.0799468971569939,236413
7.117495111047274,0.5996422196035535,237220
7.129614019913203,0.8382000089961241,237624
7.142302877463419,0.7344651512760141,238047
7.155021732312809,0.5480662992668583,238471
7.169150460223334,0.3727260890982945,238942
7.181089385294224,0.7883562920394926,239340
7.194198205032864,1.0421030315495763,239777
7.207007051779773,0.398483129263125,240204
7.219485928235778,0.9846138639687003,240620
7.231754823597572,0.9792774689513591,241029
7.246153527200654,0.3438351757818186,241509
7.25620262242364,0.6788948206010602,241844
7.269071463768895,1.0278760889574907,242273
7.287369816264479,0.9137563062787724,242883
7.3070180472228525,1.2016258444073245,243538
7.324356486144898,1.0990291720534207,244116
7.342714833238829,1.3358310559670186,244728
7.363382972369087,1.4637481155830263,245417
7.379881486914287,1.2223362599741787,245967
7.4021394829007185,1.4217840904547376,246709
7.418128043359975,1.0896198726750137,247242
7.428327125078826,0.5098034723332978,247582
7.441345952919947,1.180873645730013,248016
7.455534675428818,0.8410508407286037,248489
7.478662593091269,0.9780281308523301,249260
7.496390996902566,0.37915882679616597,249851
7.504070305490876,0.5732015006378502,250107
7.511749614079187,0.6225377627729121,250363
7.523418563457518,0.5133137453193755,250752
7.538507204941583,0.8862251142098304,251255
7.54984618402901,0.8347424921429712,251633
7.562025087493285,0.6289142646914221,252039
7.575643861317867,1.069926753415483,252493
7.587342807995372,0.5592809423435328,252883
7.613380463677614,1.380051592488394,253751
7.625319388748503,0.49552765542217264,254149
7.635308489373141,0.5034127019901234,254482
7.650697103848937,1.3401018462856853,254995
7.662696023518173,0.2517184782720525,255395
7.672805113339503,0.5007550867613475,255732
7.688523698106202,1.3693434181283817,256256
7.700912582664688,0.18038276656881028,256669
7.710301737305865,0.8348182879107015,256982
7.726740257252718,1.3188309114472796,257530
7.7486082883499,0.5737513481643577,258259
7.761507126994329,1.0392014782892272,258689
7.78463504465678,0.9227141842519492,259460
7.803563340435,0.5967146052535838,260091
7.82075179286118,1.101457729870936,260664
7.836560369525397,0.8670519700855374,261191
7.847599375621095,0.31743205471531005,261559
7.859028346606042,0.9858666635695578,261940
7.87027733379595,1.21132390713872,262315
7.884376064407302,0.6410805588986165,262785
7.895895027289768,1.0573405987840003,263169
7.90882386323337,1.0341447489953004,263600
7.9186629773621435,1.0233700730721813,263928
7.933541637751995,0.6803874686982494,264424
7.943440746479115,1.0941595147556682,264754
7.960149242118526,1.3483247576729287,265311
7.972598121275357,0.831397652708388,265726
7.985166989628882,0.8382740187732395,266145
7.997345893093156,1.2071460525716888,266551
8.017624067334165,1.1911389614010532,267227
8.036732346907423,1.1607325942414664,267864
8.060610197049202,0.796132317001197,268660
8.078638573852228,0.7999130838393057,269261
8.093157266652003,0.9553481125980037,269745
8.105216180919586,0.6022038739627139,270147
8.109475797402164,0.585120279876334,270289
8.12477441998044,0.7289244672791533,270799
8.14283279408264,1.5158221566731402,271401
8.157711454472492,0.8798182872698498,271897
8.183059172273753,0.9919242253319595,272742
8.20090756528174,1.2469945546237138,273337
8.215336266183996,1.1490951796246733,273818
8.233964588970485,0.6680956405246534,274439
8.246983416811606,1.2024478127986915,274873
8.25829239859986,0.37396250961179067,275250
8.267951528933596,0.4286908944172085,275572
8.27770065116485,1.0810653525874139,275897
8.288259700473777,1.2420558911117006,276249
8.307217993551168,0.6778233065922443,276881
8.324796410866599,1.529447372029351,277467
8.337635254912682,0.5773979887353728,277895
8.352423923405015,0.8432630203528257,278388
8.372492116551811,1.520845891787624,279057
8.390880460944915,0.44904963721509944,279670
8.413498424521425,1.5986193332688055,280424
8.426307271268334,1.2229233870116696,280851
8.447965321271303,1.487040512708071,281573
8.468783446897428,0.6825537396013691,282267
8.490981448285513,1.5764745482202227,283007
8.50289037605723,1.0153301990303232,283404
8.520498790671834,0.9626906677985261,283991
8.536727329524474,1.1659033682263384,284532
8.553495819762231,0.8275435143334254,285091
8.568674453143815,1.096206975818977,285597
8.583283137841109,0.6972568946211797,286084
8.594112162842595,1.5528536048552073,286445
8.605301155434157,1.3186511560849865,286818
8.620509786114914,1.0291088703753202,287325
8.632298724689937,1.4111935983463217,287718
8.646067485010386,1.4609106887960608,288177
8.659176304749025,1.4477927842421459,288614
8.671205221717434,1.399359563223413,289015
8.680384395264399,1.9615766568568491,289321
8.69883273425585,1.9037632429438223,289936
8.7098117457532,1.7487429170567756,290302
8.721030735643936,1.4345219836764298,290676
8.73485949056273,1.9743298009328452,291137
8.744638610093157,1.167068845663882,291463
8.755767608086373,1.5140873376226847,291834
8.765906695206876,0.8426668028308654,292172
8.776645728310843,2.0289597610590246,292530
8.784595012591712,1.1254894882025628,292795
8.800523578452623,1.239113414463003,293326
8.807962908647548,1.8075489465421466,293574
8.817892014673841,1.8137114724290417,293905
8.827941109896825,0.7113333109823166,294240
8.842309816200736,1.801709862639318,294719
8.85487868455426,1.6219708268063249,295138
8.867627536702823,0.947962316746164,295563
8.878906521191904,2.5587778551792892,295939
8.893365219393333,1.9923048193371018,296421
8.903864274103915,1.7906442267203067,296771
8.918502956100383,2.5541495162445043,297259
8.930981832556387,2.151361584785852,297675
8.943460709012392,2.324782400991337,298091
8.95518965298907,3.0392129898384077,298482
8.969588356592153,1.9840532942255842,298962
8.979247486925889,1.7832186300138875,299284
8.991246406595124,2.0802416594180495,299684
9.006874999464303,3.5695556386862273,300205
9.01587418921623,3.0967864359725192,300505
9.026433238525158,2.5290532789085587,300857
9.049951121076859,3.4138786113288533,301641
9.06548972204852,2.959576747425544,302159
9.086397839572163,4.65384855517738,302856
9.10268637302315,3.1665907897161825,303399
9.113725379118847,1.6090540440207006,303767
9.125574312292217,4.690772396972442,304162
9.141142910563051,2.3633895791368182,304681
9.151431984179421,2.761422635328447,305024
9.164420814721367,4.91232175441666,305457
9.177019680374066,3.026466763347784,305877
9.1925882786449,1.9200875195473441,306396
9.202817357662923,2.0676570511789096,306737
9.21103661763635,2.134607537341316,307011
9.227145167292298,3.587627046177823,307548
9.238094181490476,0.6717996466861466,307913
9.245113549496978,1.197745858144006,308147
9.253932755453867,2.8987933355392075,308441
9.26308193170166,3.37048289527729,308746
9.28183024368484,5.617802396545484,309371
9.296468925681307,8.184284560560993,309859
9.307087969588581,4.221891605409334,310213
9.323736470629646,1.9745351776775617,310768
9.33513544431542,6.440921494289419,311148
9.3531038265201,3.181006683328755,311747
9.373052030470204,14.783085168609823,312412
9.38535092313117,4.004602482683609,312822
9.401159499795389,3.7930295183140226,313349
9.410758635530778,9.359410174938391,313669
9.425817279715668,3.5707173660160616,314171
9.435566401946922,4.041862859756868,314496
9.443755664621175,5.351702739359055,314769
9.453534784151604,19.764972545987064,315095
9.464063836161356,10.421137645040512,315446
9.473093023212456,6.020062013501583,315747
9.487551721413887,15.908508764994107,316229
9.498380746415371,11.622568836550299,316590
9.507409933466471,17.10292117438793,316891
9.515869171833282,19.71821818114462,317173
9.526608204937249,79.85772462706097,317531
9.537407232639561,20.673662885877505,317891
9.545896468305545,17.010230051640495,318174
9.5548656607583,10.060112695515423,318473
9.56479476678459,15.305777395811322,318804
9.579523440678578,6.897096019574954,319295
9.589212568311485,10.044425773367402,319618
9.599501641927855,16.79998487362674,319961
9.609130774962416,6.808572072806006,320282
9.618129964714344,5.6429019371098335,320582
9.628119065338982,3.8288187278042134,320915
9.641857828360257,7.710922591817918,321373
9.653016823652646,2.7519228683529127,321745
9.667595511050768,3.8138576258622,322231
9.679354452326619,14.15619443756934,322623
9.69792278051476,2.3961581402501775,323242
9.71889089263675,6.799954931075702,323941
9.73073982581012,4.184191498171433,324336
9.755577589525439,7.5362328818262245,325164
9.772226090566503,10.014509305050227,325719
9.782725145277084,1.9718774309312477,326069
9.79112438904555,4.1542555377406085,326349
9.800393554490034,3.025289570383762,326658
9.810622633508057,4.688231758789831,326999
9.830510842859816,1.8600673035866198,327662
9.843919635590186,3.1486250609819457,328109
9.859278252766808,2.941654091309592,328621
9.87550679161945,2.6680377854463497,329162
9.88900557624734,6.166251757143297,329612
9.900974498617403,2.5234405997996885,330011
9.91009367756602,2.035670239461504,330315
9.927582102983934,6.3051436285328215,330898
9.940120974038283,3.38731450972607,331316
9.950080077363749,2.40155362248597,331648
9.96678857300316,6.101380653695233,332205
9.978157549389762,3.0906637254827185,332584
9.987486709432591,2.548540342655568,332895
10.002275377924924,3.3143872500260896,333388
10.018593908675086,3.4636047904636604,333932
10.028942976889802,2.7217209554711963,334277
10.038452120727671,3.4344288509806473,334594
10.047601296975463,2.78671175484324,334899
10.063169895246297,1.9661492922124715,335418
10.073638952657705,2.1611861514887196,335767
10.082998109999709,2.2580844645823532,336079
10.09922664885235,3.449129106182323,336620
10.111195571222412,2.466538869904673,337019
10.123464466584206,2.3659157158092863,337428
10.132673637430344,3.072131316019542,337735
10.149832092557352,2.462780586534106,338307
10.160661117558837,2.791328302876936,338668
10.17379993459665,2.8785705594193236,339106
10.184538967700616,1.715358277672896,339464
10.200137563270623,1.759635547606235,339984
10.211746518050608,2.3593668884818895,340371
10.224615359395862,1.3845605788738111,340800
10.235654365491559,1.8605402916568674,341168
10.243873625464985,1.5591746716138715,341442
10.253442763901202,2.0179757324599037,341761
10.27654068426448,1.6587847696972111,342531
10.295348990846007,1.9197862414640734,343158
10.309897680944955,1.4519100856526062,343643
10.31916684638944,2.0896384862154433,343952
10.331195763357849,2.1453433442052563,344353
10.34364464251468,1.5684805152411267,344768
10.354443670216993,1.8038971025732717,345128
10.372202071327463,1.9911157760362703,345720
10.381351247575255,1.2337590080861152,346025
10.395599964682471,1.572598370183469,346500
10.407838862745093,1.2962968308532392,346908
10.420647709492002,1.6160696503943066,347335
10.432916604853794,1.1560989516095574,347744
10.448455205825455,1.2438163650267278,348262
10.458714282142651,1.9202678779144275,348604
10.469033353058194,1.3748316973544576,348948
10.48580184329595,1.3512732480023952,349507
10.500620509087458,1.0871680936246186,350001
10.513699331526924,0.9961304499619453,350437
10.533647535477028,1.0966323828232978,351102
10.54540647675288,1.015584911993973,351494
10.564844726617041,1.5728092286572477,352142
10.583203073710973,1.008210485610551,352754
10.60708092385275,1.8177813469268427,353550
10.62696913320451,1.116298563206063,354213
10.645267485700094,1.242947610779638,354823
10.659906167696562,0.5531109648059322,355311
10.684323969223456,1.495955527465179,356125
10.69998255939181,0.39286772137731396,356647
10.715911125252719,0.24509246020197106,357178
10.726770147553378,1.2707115093449337,357540
10.746058410921673,0.8224560014864477,358183
10.762286949774316,0.749665416711118,358724
10.775005804623705,0.9510124290842799,359148
10.792764205734175,0.7171277409577331,359740
10.804823120001755,1.1485723522639297,360142
10.820811680461013,1.2431407742894178,360675
10.833890502900479,1.1729674773790681,361111
10.851768893207641,0.9974842829310652,361707
10.85689843136624,1.084460858458234,361878
10.870247229498263,0.8864359055961848,362323
10.882426132962538,0.7963987862188133,362729
10.897454779848255,1.3146320693159266,363230
10.909363707619972,1.4621916651027813,363627
10.922772500350343,0.5985924006348494,364074
10.937621163441023,0.9582924071978935,364569
10.949620083110258,0.9492084276053532,364969
10.960389113513397,1.2492046296832588,365328
10.975747730690019,0.7600068383551924,365840
10.98537686372458,0.8658006344415875,366161
11.00235533505655,0.6603654125062023,366727
11.016814033257978,1.107514125128597,367209
11.028183009644579,0.5686685133539355,367588
11.03673223990891,1.1900099848973251,367873
11.05626048167059,1.024494945658517,368524
11.069999244691866,0.6154420376071478,368982
11.08082826969335,1.0853453839494793,369343
11.092857186661758,1.0562938473406986,369744
11.110525595874709,0.8064721063322741,370333
11.120574691097694,1.1098235737618085,370668
11.13248361886941,1.03458109436439,371065
11.146252379189859,0.5100430941595887,371524
11.158071315064054,1.1414210244325032,371918
11.172020059179541,0.7744675515463344,372383
11.183838995053739,0.7110473868115204,372777
11.19628787421057,0.8097872308040148,373192
11.209186712854999,0.3887019582635484,373622
11.225385254408467,0.5101918474072507,374162
11.235644330725664,0.6013267816031705,374504
11.248573166669265,0.24444893171378906,374935
11.2590122267815,0.6316174267368148,375283
11.267531459746658,0.5236140112462385,375567
11.291079339597534,0.7460610421095761,376352
11.302778286275037,0.4094063535593336,376742
11.312617400403811,0.3362448930935723,377070
11.326086187732528,0.8079753039072798,377519
11.34162478870419,0.581481711427642,378037
11.351673883927173,0.30087782410318564,378372
11.364302746879044,1.3657261129913272,378793
11.378671453182953,0.8042261840266169,379272
11.3893204943894,0.508259376948114,379627
11.40173937624706,1.2898292047833877,380041
11.416948006927816,0.8388479840827362,380548
11.428466969810282,0.922740189289448,380932
11.439176005615074,1.3604521209324656,381289
11.456094482348698,0.6583983835770134,381853
11.467523453333644,0.9062588223703676,382234
11.476522643085572,0.9195774952201383,382534
11.495780909154695,0.6323289272223499,383176
11.506429950361142,0.6841025473932929,383531
11.515579126608934,0.7268236614301319,383836
11.525868200225304,0.2920446788876595,384179
11.534447427788807,0.682868329896389,384465
11.547856220519177,0.6832767776379299,384912
11.57497377897165,0.9914511991656221,385816
11.586792714845847,0.34705726238454515,386210
11.601251413047276,0.7205552295623944,386692
11.612920362425609,0.7664633996494631,387081
11.627469052524557,0.5138251587451658,387566
11.636558234174002,0.5065817619106338,387869
11.65254679463326,0.9517907605591597,388402
11.677684531340308,0.6445572890617979,389240
11.690883342976468,0.9337874224335083,389680
11.702372308559761,0.33103533481587005,390063
11.711911449696803,0.8880401764111867,390381
11.7319796428436,0.7463939457912783,391050
11.745508424770662,0.6431340220439249,391501
11.755467528096128,0.48269301455466457,391833
11.767016488277768,0.7759033568803452,392218
11.78411494880643,0.6565984514721107,392788
11.82404135400581,0.5410455023132204,394119
11.835740300683316,0.4463634132166164,394509
11.861957940160595,0.6110150018416475,395383
11.876986587046312,0.6332966132593306,395884
11.892435196120454,0.44245728605402207,396399
11.903054240027728,0.34788584102769776,396753
11.914123243422598,0.6398977967053856,397122
11.927592030751315,0.5165183846660116,397571
11.939830928813935,0.3634634819278927,397979
11.955009562195519,0.6600791653620522,398485
11.972108022724179,0.5673669000956574,399055
11.980807239484376,0.2879115335629616,399345
11.993406105137073,0.7563779661365236,399765
12.015124149738389,0.375086432716623,400489
12.027123069407626,0.7212132132605905,400889
12.050550960061807,0.9534005552542337,401670
12.063359806808718,0.5887635705326552,402097
12.070919126200335,0.5856097886519668,402349
12.089547448986824,0.7622735853538222,402970
12.101846341647791,0.7854198791972732,403380
12.111625461178217,0.27155871883899213,403706
12.127464035141609,0.7419657006056835,404234
12.139432957511671,0.9119629946034168,404633
12.153471693524677,0.3578669630796045,405101
12.163940750936085,0.862638078049015,405450
12.17650961928961,0.6286900049178181,405869
12.190638347200135,0.5705867928774097,406340
12.204887064307352,0.8557361314385066,406815
12.216106054198088,0.652655443845653,407189
12.229844817219362,0.829159585215806,407647
12.241783742290252,0.8839694047922516,408045
12.26623154111632,0.7042029094831677,408860
12.282820047559039,0.5767550319884127,409413
12.301988321730642,0.8931292513895013,410052
12.323076423049324,0.376439979100394,410755
12.335075342718559,1.119491784483966,411155
12.351723843759624,0.5424081485432076,411710
12.361352976794185,0.6489190369389463,412031
12.374341807336133,1.2956316706397646,412464
12.387600613570639,0.8006331180462507,412906
12.398819603461375,0.5067061710226464,413280
12.412648358380169,1.1866396585087144,413741
12.426087148409712,0.6821003469028689,414189
12.437486122095487,0.7793028098458558,414569
12.451464863510147,1.1980299786157262,415035
12.464363702154575,0.7378239248905696,415465
12.475132732557714,0.6724465223149818,415824
12.492651155274798,0.9436452965160537,416408
12.504410096550648,0.696490832812319,416800
12.514429194474461,0.7162124858775568,417134
12.524628276193312,0.7344529863710475,417474
12.53152765500312,0.5743209986492125,417704
12.549886002097052,0.650478425451123,418316
12.558855194549805,0.6178058640977068,418615
12.571844025091753,0.5365907042728686,419048
12.588372536936125,0.5258424216198676,419599
12.60064143229792,0.8744036976579892,420008
12.611770430291136,0.4900019063250228,420379
12.622359476899236,0.7885183424728449,420732
12.635048334449452,0.5669377435855596,421155
12.64860711367569,0.5322689396459377,421607
12.660786017139964,0.7448745397170918,422013
12.67503473424718,0.8048014980660878,422488
12.687033653916416,0.5381173742546619,422888
12.698162651909632,0.5645132205524587,423259
12.707911774140886,0.5153563568225531,423584
12.731789624282666,0.5456413134130879,424380
12.750117974077423,0.6194510287329865,424991
12.777655494718319,0.5749729697776036,425909
12.793794041673442,0.21107566463371352,426447
12.808852685858332,0.44315152331740254,426949
12.829460830390245,0.42443031045176216,427636
12.843769542095808,0.3984788141776905,428113
12.855348499576621,0.5027815703587616,428499
12.867077443553299,0.2510500331891039,428890
12.887355617794306,0.785240773884475,429566
12.905623972990718,0.7409867235695442,430175
12.920532630679743,0.7268545648260314,430672
12.929291842038285,0.5883341483579232,430964
12.94468045651408,0.4393848053545231,431477
12.963578754993126,0.8989793362606839,432107
12.98187710748871,0.4527809414942951,432717
13.005784954929663,0.6268042744822512,433514
13.023513358740958,0.32641072143979216,434105
13.031912602509424,0.32659496767017643,434385
13.042111684228274,0.8449114227651429,434725
13.050630917193432,0.5388623607857114,435009
13.061789912485821,0.4930952256930877,435381
13.086387697807755,0.8156525192065255,436201
13.10003646893151,0.863285219085762,436656
13.110925488531342,0.5380194283876103,437019
13.122444451413807,0.668845588897319,437403
13.137773071291257,0.9401525837591852,437914
13.15190179920178,0.5398213296360551,438385
13.16384072427267,0.9064531427747051,438783
13.176979541310484,1.0824976031767553,439221
13.1896683988607,0.5038599137927332,439644
13.200977380648956,0.23207178989761498,440021
13.211836402949613,1.1963734779901858,440383
13.224105298311407,0.589197153065691,440792
13.240483823659913,0.28086976071937964,441338
13.253922613689458,1.1002568812292797,441786
13.280200247765084,0.41054645946854534,442662
13.290189348389722,0.5891146815170868,442995
13.299248532739995,0.8939961832438454,443297
13.309687592852232,0.1662336487271016,443645
13.319286728587619,0.6695459201582047,443965
13.332455542924606,1.145046054026134,444404
13.347634176306189,0.38571921213989946,444910
13.357323303939097,0.9116804703363273,445233
13.372051977833083,1.0120619004482045,445724
13.39637978746246,0.8696541416338532,446535
13.409248628807713,1.1521842722372708,446964
13.423137378324855,0.7463737352614236,447427
13.434176384420551,0.9979694615840489,447795
13.445005409422036,1.1285883381502788,448156
13.461953883454832,0.9328642767044645,448721
13.471852992181951,0.9313050670286908,449051
13.484511852432995,1.1245576810938192,449473
13.500380423695558,1.270508819287185,450002
13.520118646551452,0.8348297231446089,450660
13.530527709364515,0.710028026827229,451007
13.540996766775923,1.214843947955013,451356
13.56583453049124,1.227712269521763,452184
13.578613379938977,1.1683223748724063,452610
13.591902183472655,0.5941136773086715,453053
13.605400968100545,1.7413256430079775,453503
13.617369890470608,1.3092658518235054,453902
13.630388718311728,0.6231501420597761,454336
13.642807600169387,2.0836499974132217,454750
13.655826428010508,1.4433166162529876,455184
13.666895431405377,1.1292772514391343,455553
13.681894080991922,1.8707575273178871,456053
13.694642933140486,1.5681440488663683,456478
13.706581858211376,1.5458145271271726,456876
13.718370796786399,2.1122332554643015,457269
13.733669419364675,1.7538213248227965,457779
13.743748511886833,1.3871723594454903,458115
13.75556744776103,1.6775194996477967,458509
13.773895797555788,2.290673181497532,459120
13.789134425535718,1.5593988599991149,459628
13.812232345898996,2.4232317644064785,460398
13.829000836136752,2.042609770964741,460957
13.851558805114916,3.2707658258371697,461709
13.866287479008902,2.0578837350136023,462200
13.877476471600465,1.257032370081879,462573
13.889025431782104,3.3676291526305966,462958
13.906033900413245,1.701475163305638,463525
13.915243071259384,1.8894357445117436,463832
13.92832189369885,3.1141744087663272,464268
13.941100743146587,1.5217242812756213,464694
13.955259468356285,1.389676209636752,465166
13.966928417734618,1.3746414527780517,465555
13.989936346200377,1.6616569440449034,466322
14.006734833737307,1.1690187799775438,466882
14.01705390465285,2.1034541049891455,467226
14.026263075498987,2.451453420196523,467533
14.044711414490438,4.019031569090563,468148
14.059860050572848,4.884022942949328,468653
14.083107957431992,1.507706095824369,469428
14.098046612420191,5.431185273435308,469926
14.11640495951412,2.4988822974908302,470538
14.136563144558437,8.460023408090153,471210
14.158431175655618,1.79968988599297,471939
14.174869695602473,6.526921977831022,472487
14.188398477529535,3.824340434437534,472938
14.198477570051693,3.1873356429217248,473274
14.207236781410236,5.040101805819381,473566
14.217615846924124,10.278347233794063,473912
14.228024909737186,7.590945281058706,474259
14.23768404007092,5.568756771714131,474581
14.249862943535195,15.699423275465367,474987
14.260332000946603,7.785918229151531,475336
14.270201112374549,10.26871626200397,475665
14.278900329134746,10.243781424105979,475955
14.289999329828788,40.24551644868494,476325
14.30106833322366,10.61860984099802,476694
14.30991753647972,10.108846087509763,476989
14.319786647907666,7.297943001535255,477318
14.330195710720728,15.440854958147176,477665
14.34255459798004,5.860342515840613,478077
14.35206374181791,7.111194353562694,478394
14.3624428073318,10.484766761788675,478740
14.373001856640727,5.442694372980039,479092
14.381941051794307,3.4072899435512056,479390
14.391990147017292,3.8154264736155312,479725
14.40410905588322,6.452269723309503,480129
14.44274557721816,8.076090305574963,481417
14.465243551597975,2.261611626124548,482167
14.480632166073772,5.515404936355618,482680
14.505919889276685,2.0535182561007654,483523
14.519088703613672,5.173062239940312,483962
14.534837285679544,5.215417163711643,484487
14.553495605765205,2.6592169575210716,485109
14.56102492785765,1.8742731129033852,485360
14.571074023080635,1.202778195264944,485695
14.588382464703507,2.1165567242361183,486272
14.603531100785919,0.7739811625269404,486777
14.614090150094846,1.7498372540013842,487129
14.627018986038447,1.7793156360021727,487560
14.638867919211817,2.009224253581946,487955
14.651706763257899,3.0148469639218343,488383
14.664605601902327,1.409864144998475,488813
14.675854589092236,1.7265151195276538,489188
14.690223295396146,3.370898051711182,489667
14.702582182655458,1.7076731903070728,490079
14.714491110427176,2.603194956499757,490476
14.728829819431912,3.59537065854346,490954
14.740528766109417,2.1638572434011345,491344
14.750637855930748,2.7376341975928162,491681
14.768306265143698,2.740105456654093,492270
14.785074755381455,1.539954610245496,492829
14.79386396403917,1.3458959065592102,493122
14.804962964733212,2.160177549441924,493492
14.821311492782547,1.9810016424055892,494037
14.835710196385628,1.1716045891775428,494517
14.84533932942019,1.8016778063530758,494838
14.862767760239755,1.7356780185419427,495419
14.874226728523876,1.7340279157512617,495801
14.886285642791458,1.7844871935276303,496203
14.899934413915213,1.8548100559227083,496658
14.913253214748064,1.2183014124060791,497102
14.923962250552858,1.493918674481051,497459
14.937761008172478,2.093005611253233,497919
14.951709752287965,1.287659968087401,498384
14.961488871818393,1.5865560140806072,498710
14.97360778068432,2.1003324603420777,499114
14.986566613927096,1.7728546425103155,499546
14.998295557903774,1.3596634560208827,499937
15.002825150078909,1.2589801390242616,500088
15.014854067047319,1.7119942774595722,500489
15.031232592395824,0.5851222854311202,501035
15.04089172272956,1.2991792795573567,501357
15.050040898977352,0.7570362322352289,501662
15.058560131942508,0.8251380841713638,501946
15.067469329796916,0.57296425153458,502243
15.077548422319074,1.3960228818697098,502579
15.097766601961737,1.7149645129113913,503253
15.119814616853958,0.9257488600506774,503988
15.136163144903291,1.7135988324760276,504533
15.156561308340992,0.7474725860528398,505213
15.173869749963865,1.233080522767937,505790
15.195947762155258,0.796020432442237,506526
15.208816603500514,1.0372962872652136,506955
15.221205488058999,0.9957617435741106,507368
15.242353583976028,0.850724279855997,508073
15.261791833840189,0.7615279606621894,508721
15.281260081003524,0.7374731180227768,509370
15.296138741393376,0.5624766273060741,509866
15.313027220827825,0.2781424590626477,510429
15.330515646245736,0.8459105644980546,511012
15.346774182397551,0.6355640184702801,511554
15.367382326929464,1.1615468560306557,512241
15.38949033642003,0.519925767021186,512978
15.404788958998306,1.3147079466616762,513488
15.430976601176413,0.17077847779433344,514361
15.445285312881976,1.3449760573037628,514838
15.468863190032025,0.15027190251860556,515624
15.487521510117686,1.0753267088855165,516246
15.524718161092316,0.7063209276113643,517486
15.538066959224341,0.5491236097896529,517931
15.55435549267533,0.2177652919044904,518474
15.57787337522703,0.7295623075524105,519258
15.595391797944115,0.757954052637207,519842
15.616569891160315,0.9669091725574195,520548
15.6348682436559,0.9808854349808268,521158
15.656556290958044,0.7842779972451345,521881
15.67263484331482,1.1745180830344937,522417
15.696392704259907,0.752406356394984,523209
15.708601605023354,0.9260560836984972,523616
15.723630251909071,0.6694736573246329,524117
15.737159033836136,0.6583955300439817,524568
15.747268123657467,0.8491360736636153,524905
15.758067151359779,0.7928728609076219,525265
15.77798535801071,1.013122482224362,525929
15.798293529550891,1.1384250786914953,526606
15.817941760509264,1.0077582705384773,527261
15.83285041819829,0.7673708049446281,527758
15.841969597146909,0.6416977035765257,528062
15.855318395278934,1.0019878733621266,528507
15.870167058369613,1.1678472783862521,529002
15.880606118481849,0.7091227402812729,529350
15.893084994937853,0.6905824601501903,529766
15.907363709344244,1.192771435100295,530242
15.919482618210171,0.9528658112688538,530646
15.93043163240835,0.7750674888741483,531011
15.946720165859336,1.0654886215896389,531554
15.95916904501617,1.0488423285396502,531969
15.969968072718482,0.49914636370669524,532329
15.980767100420794,0.8024740196132636,532689
15.998255525838704,0.943540599391179,533272
16.01112436718396,0.6496497244138603,533701
16.020303540730925,0.5838454794306601,534007
16.03152253062166,0.9507815547875395,534381
16.05582034295186,0.8465365668860801,535191
16.068329216707042,0.9249832024458619,535608
16.090107255906705,1.126602311627555,536334
16.106905743443633,0.8531832946023052,536894
16.117554784650082,0.3007586282781932,537249
16.130333634097816,1.2754382822251396,537675
16.144402367409995,0.7280700826957697,538144
16.168070236457563,1.2530285424940233,538933
16.182378948163127,0.608830177337379,539410
16.193927908344765,0.5022851303837279,539795
16.20649677669829,1.0093124136957736,540214
16.220265537018737,0.5189975031325085,540673
16.237843954334167,0.5859583332043082,541259
16.24669315759023,0.7280982972026451,541554
16.257942144780138,0.4062687886616855,541929
16.267901248105606,0.2648925295346205,542261
16.27825031632032,0.5398313927742708,542606
16.289289322416018,0.5004816131341487,542974
16.298648479758022,0.16308786571799416,543286
16.307317699219045,0.3460188557981554,543575
16.3166168619627,0.43334403195519217,543885
16.328285811341033,0.40132493620639637,544274
16.33797493897394,0.3775963217575688,544597
16.355193388699295,0.3341640844723386,545171
16.369112135515607,0.5770675197025794,545635
16.376641457608052,0.6245689671698063,545886
16.38837040158473,0.1302338293753677,546277
16.404058989052256,0.27642256127641807,546800
16.417047819594202,0.9075447559685635,547233
16.43030662582871,0.4981800299299387,547675
16.443565432063213,0.4018526956389741,548117
16.456734246400202,0.7784654316574466,548556
16.478332301804826,0.4034359370646588,549276
16.49372091628062,0.6060702624818496,549789
16.50556984945399,0.5595377436125419,550184
16.520388515245497,0.3359999054976316,550678
16.531427521341193,0.4216788167298444,551046
16.54285649232614,0.6757994725422982,551427
16.55587532016726,0.2005465007108722,551861
16.5674242803489,0.1770748247762164,552246
16.581672997456117,0.8412574694859322,552721
16.60228114198803,0.28469390200151945,553408
16.621419418860462,0.5742747508051022,554046
16.64220754718741,0.41971374357248253,554739
16.656216285901245,0.4478400881043997,555206
16.670195027315906,0.37885699258659944,555672
16.682223944284313,0.44383908802059174,556073
16.69926241021463,0.21766186686627412,556641
16.708861545950015,0.29737304280826066,556961
16.720800471020905,0.728309641789179,557359
16.73870885862724,0.25018328384121624,557956
16.748367988960975,0.20192074731002121,558278
16.763156657453308,0.5984896619179605,558771
16.78103504776047,0.18558124704242038,559367
16.791084142983454,0.53626946581174,559702
16.812922176781463,0.6343272050257207,560430
16.83326034562082,0.511678514664164,561108
16.850718773739555,0.6318264068456342,561690
16.86871715324341,0.6199774781285097,562290
16.87948618364655,0.21843185006208893,562649
16.890555187041418,0.9348928874279452,563018
16.90435394466104,0.553973793953755,563478
16.918212696879007,0.18258142460063062,563940
16.92901172458132,0.9390892506703697,564300
16.941880565926574,0.5866191761502801,564729
16.95309955581731,0.5206648043659463,565103
16.968548164891452,0.5298766899426223,565618
16.97973715748301,0.4371667422920135,565991
16.992426015033228,0.4977340260670346,566414
17.006134780755332,0.47688495672351,566871
17.03079256067561,0.6834890060611026,567693
17.040541682906866,0.22281796886369376,568018
17.049780851052176,0.27126829731006386,568326
17.06369959786849,0.6035473294368792,568790
17.088297383190422,0.5491221275156865,569610
17.101826165117487,0.792206365362689,570061
17.112565198221453,0.693212020584585,570419
17.123964171907225,0.7131706774941373,570799
17.140552678349945,0.7909818891477614,571352
17.1518616601382,0.7542253775579312,571729
17.163920574405783,0.8163142084212569,572131
17.180809053840232,0.5715094061846412,572694
17.19178806533758,0.40846779692452007,573060
17.203786985006815,0.7388979074664846,573460
17.217855718318994,0.5758928361661169,573929
17.229314686603114,0.19846957096276718,574311
17.239573762920312,0.4211343978641595,574653
17.252802571855643,0.5326144635388117,575094
17.269031110708287,0.3460071726343679,575635
17.276620427399077,0.3527384528093096,575888
17.2896392552402,0.47007380144195554,576322
17.30994742678038,0.5432651253130427,576999
17.32074645448269,0.7032011264049474,577359
17.330915538902367,0.4167005660636404,577698
17.347594037242608,0.5120888671243424,578254
17.36094283537463,0.6446509078976872,578699
17.372521792855444,0.19730989509902752,579085
17.389800237179145,0.34456863972707324,579661
17.398739432332725,0.6865975793108984,579959
17.41133829798542,0.5107723050568408,580379
17.42279726626954,0.4241696309520158,580761
17.43839586183955,0.7260948186989135,581281
17.44919488954186,0.5475945485556737,581641
17.459963919945,0.47227196473206756,582000
17.472082828810926,0.5681332868754031,582404
17.488551346056955,0.533727400623627,582953
17.497280560116323,0.42571633152100125,583244
17.512579182694598,0.5328920782011455,583754
17.5286277377522,0.3706274855233094,584289
17.543446403543708,0.5099203940647756,584783
17.562464691219446,0.35671753641344683,585417
17.574013651401085,0.5708397161299801,585802
17.5910521173314,0.7943502389815025,586370
17.602931047803942,0.20571350047311276,586766
17.617089773013642,0.5388447512030997,587238
17.629328671076262,0.6244545483449337,587646
17.64465729095371,0.30759461079974676,588157
17.653926456398196,0.5908563287483106,588466
17.66817517350541,1.1226792765064224,588941
17.681343987842396,0.4573467015759132,589380
17.695772688744654,0.6261664051344293,589861
17.707441638122987,0.8271057112345552,590250
17.720940422750875,0.516297732222389,590700
17.729069690826783,0.4868218028264044,590971
17.74748803251906,0.7255211899677368,591585
17.75912698459822,0.7052266511640838,591973
17.776645407315304,0.8159559604673432,592557
17.788104375599424,0.3617288817516704,592939
17.798843408703387,0.5263864917131139,593297
17.817561723387396,0.7606373667091963,593921
17.829170678167383,0.5955767707654839,594308
17.83690998135404,0.5342117554364157,594566
17.855628296038045,0.7289101984702614,595190
17.897534522982852,0.9705116547068259,596587
17.937700906575618,0.8919605564466017,597926
17.952099610178703,0.6922919524902679,598406
17.974837562951905,1.032642577588225,599164
17.992625961361547,0.3666512887708412,599757
18.002345086293627,0.1384676975025782,600081
18.014763968151286,0.7249013004006202,600495
18.02793278248827,0.4959535712117743,600934
18.04635112418055,0.5199979952330307,601548
18.062309687340633,0.7207033586094073,602080
18.081387969614717,0.701689997326884,602716
18.09638661920126,0.9990081427556493,603216
18.111475260685324,0.5552280439709071,603719
18.121434364010792,0.9387350867054208,604051
18.133493278278372,1.2274154209942945,604453
18.15068173070455,0.6452772968924602,605026
18.160130879944077,0.7498370171513123,605341
18.172939726690984,1.3019376347204619,605768
18.185448600446165,0.7946366713801905,606185
18.19756750931209,0.7561338698110887,606589
18.209836404673887,0.9715020166699444,606998
18.22483505426043,1.0017498983474524,607498
18.235274114372665,0.9580117340156373,607846
18.24832293951296,0.6346997849611309,608281
18.262271683628445,1.2071796381140718,608746
18.283029814656224,0.7059298264681113,609438
18.293258893674246,0.5306585088593934,609779
18.30327799159806,1.3389629989486513,610113
18.33066552574309,1.1832471643201996,611026
18.342574453514803,1.2502803836042016,611423
18.35418340829479,0.5008391451862182,611810
18.36924205247968,1.3448200065289178,612312
18.381390958644783,1.1291605696046354,612717
18.39311990262146,0.5456115339918376,613108
18.405748765573332,1.908494485494606,613529
18.419487528594605,1.2396040260595123,613987
18.430556531989478,1.0691334616740171,614356
18.444385286908272,1.6228030893403174,614817
18.457614095843603,1.4520319398319603,615258
18.469673010111183,1.0842160015228495,615660
18.481911908173807,1.7512446619450504,616068
18.49664058206779,1.669770616832846,616559
18.507259625975067,0.9236182166333398,616913
18.519138556447608,1.3382035619682442,617309
18.534947133111828,2.1412825949664347,617836
18.55351546129997,1.5431177477949372,618455
18.57487353831121,2.127135887538472,619167
18.59257194482333,1.63367972344778,619757
18.614469973219688,3.0115718728825405,620487
18.62955861470375,1.812105476934569,620990
18.640657615397792,1.1291744273439264,621360
18.652806521562894,3.2955311070744573,621765
18.668465111731248,1.44135101109265,622287
18.678514206954233,1.7309742114295124,622622
18.69180301048791,2.9902855647723494,623065
18.704461870738953,1.351614040848407,623487
18.71838061755527,1.2654200918292637,623951
18.729749593941868,1.201400951338044,624330
18.737008940341756,1.2447174338866935,624572
18.752337560219203,1.4720152733587188,625083
18.770125958628846,1.3964840517731985,625676
18.780385034946043,1.9275108440761821,626018
18.789354227398796,2.3973839309283864,626317
18.79784346306478,0.38118561260251915,626600
18.80831252047619,4.524430264244052,626949
18.823491153857773,4.524733407956988,627455
18.84832891757309,0.967710189775176,628283
18.861677715705117,4.845266451838853,628728
18.88006606009822,1.645717491492285,629341
18.899354323466515,8.06039628138787,629984
18.93823082319484,5.9020202895083695,631280
18.951789602421076,2.9459959745944153,631732
18.961688711148195,2.646291883762171,632062
18.97038792790839,4.165699719852561,632352
18.980736996123106,9.436473795316468,632697
18.991206053534516,6.453028116978969,633046
19.00077519197073,4.8732144753088775,633365
19.01328406572591,13.02914527250348,633782
19.023963104231527,6.307426325922105,634138
19.033532242667743,9.126207308209466,634457
19.04232145132546,9.932498381723471,634750
19.053330460121984,38.02984650044498,635117
19.064399463516853,9.604541936967793,635486
19.073038685678704,9.21576928460282,635774
19.082757810610783,6.618125146358758,636098
19.093376854518056,13.112093067222073,636452
19.105765739076542,4.980682550857553,636865
19.115424869410276,6.4315188428157315,637187
19.125863929522513,9.427911270299488,637535
19.13621299773723,4.306179724830944,637880
19.14506220099329,2.959158600693787,638175
19.15514129351545,3.1768294816111156,638511
19.168160121356568,5.906700443204824,638945
19.206586661597296,7.697901989693516,640226
19.227974735907708,2.1104550458810527,640939
19.244863215342157,4.9721541693555436,641502
19.257852045884107,0.9363569790127565,641935
19.283289755582885,4.403659235600529,642783
19.29828840516943,4.3694486299483755,643283
19.307857543605646,0.1444231331299716,643602
19.31670674686171,2.3889183579714346,643897
19.326125898802058,2.1137218697976476,644211
19.3364449697176,1.3001059203854943,644555
19.35411337893055,1.4475926255917604,645144
19.368902047422882,1.399276656838827,645637
19.376761339806233,1.3469005636377869,645899
19.38858027568043,1.1442824219625678,646293
19.40246902519757,1.4178677245945905,646756
19.415637839534554,2.9602835190257233,647195
19.428296699785598,1.7161207174933624,647617
19.437655857127602,1.4397747918702486,647929
19.453884395980243,3.19265924406338,648470
19.466603250829635,1.4882795701010343,648894
19.477312286634426,2.3248512403383814,649251
19.491201036151566,3.0023360048239294,649714
19.504309855890206,0.9509872879924001,650151
19.51405897812146,2.109437161434034,650476
19.530497498068314,2.314211241254892,651024
19.548555872170514,1.302786863492766,651626
19.55755506192244,1.6278820273200643,651926
19.569853954583408,1.9456784012159078,652336
19.58599250153853,1.617734870508851,652874
19.598981332080477,1.3023323585519009,653307
19.60912041920098,1.5430662646462572,653645
19.624029076890007,1.6812129087102057,654142
19.636717934440224,1.3749218533008385,654565
19.64940679199044,1.3018709873930316,654988
19.662245636036523,1.890527575374982,655416
19.675804415262757,1.410663471695661,655868
19.687053402452666,1.2860996751772666,656243
19.701722081748308,1.9124681104759642,656732
19.715010885281988,0.5745768722484436,657175
19.725899904881818,1.1482501152479743,657538
19.738288789440304,1.8211967370241247,657951
19.764896393806833,1.5024238094198,658838
19.775605429611627,1.3499087498951143,659195
19.801823069088908,1.1953552627211672,660069
19.810072326361507,0.9072526924133655,660344
19.821591289243973,1.0138660616333484,660728
19.846399055660118,1.3735135724754834,661555
19.8600178294847,1.1400430014968643,662009
19.871536792367166,0.9862886776497857,662393
19.883565709335574,0.9184216511987641,662794
19.898234388631217,0.8806738576766567,663283
19.911253216472335,1.2115814946173955,663717
19.922802176653974,0.745014282814055,664102
19.934051163843883,0.9575172647749045,664477
19.94976974861058,1.1228002171392149,665001
19.97331762846146,1.1856422603040853,665786
19.9864264482001,1.0183337212294925,666223
20.013993966140166,0.7199355088714621,667142
20.027492750768058,0.6805580513231108,667592
20.03946167313812,0.6969157221143985,667991
20.05440032812632,0.5391988778961827,668489
20.065439334222017,0.4683541392668317,668857
20.078548153960654,0.34532848912841313,669294
20.08646744094235,0.4015852965100324,669558
20.09579660098518,0.2693869509260095,669869
20.10986533429736,0.2548609683901701,670338
20.12159427827404,0.2638421206471723,670729
20.135123060201103,0.6059052234422627,671180
20.150541671976068,0.6510783970071884,671694
20.17432953022033,0.765125089047206,672487
20.18977813929447,0.38581482357088803,673002
20.211886148785037,0.8292704593571318,673739
20.237473844979682,0.34457014992725166,674592
20.2517225620869,0.8963549625349958,675067
20.268281071230444,0.36235127415367324,675619
20.27794020156418,0.3934577405813604,675941
20.289219186053263,0.607927688036241,676317
20.307337554753808,0.4763880233359903,676921
20.31912649332883,0.23640564023886101,677314
20.330165499424528,0.5621312411206006,677682
20.34648403017469,0.8596990222728846,678226
20.359172887724906,0.6445203862784996,678649
20.38341070545676,0.6838299166891775,679457
20.398889311830075,0.7899491001508212,679973
20.410648253105926,0.36237700754445185,680365
20.423967053938778,0.6317284214401961,680809
20.437225860173285,0.6431855387981605,681251
20.45942386156137,0.6248617976956481,681991
20.472772659693394,0.4690318030761087,682436
20.48564150103865,0.540010620243197,682865
20.499830223547523,0.5458274620197763,683338
20.511439178327507,0.4868461740131346,683725
20.52193823303809,0.615197499434049,684075
20.541826442389848,0.5171383636068565,684738
20.562404589622584,0.8805334012017881,685424
20.581722850290056,0.4668947472828623,686068
20.596901483671637,0.5896184904595073,686574
20.606890584296277,0.6952438176091601,686907
20.619699431043188,0.7579873416920586,687334
20.633378199466115,0.6876547884897458,687790
20.641507467542024,0.6389393001475888,688061
20.657526025300452,0.6369280958187294,688595
20.671534764014286,0.7168658816712568,689062
20.683713667478557,0.8862513945273157,689468
20.69577258174614,0.6650718361301402,689870
20.709991301554187,0.6815690575435763,690344
20.723100121292823,0.8460087650140509,690781
20.735608995048004,0.3268742609292998,691198
20.74595806326272,0.37080875373400657,691543
20.761256685840994,0.7004502284156484,692053
20.77508544075979,0.3194773020078275,692514
20.795843571787568,0.46068139913629036,693206
20.817591613688055,0.46920232024267666,693931
20.830220476639926,0.5251632246550868,694352
20.852538467224704,0.8257111079080004,695096
20.867087157323652,0.48002537856593086,695581
20.879026082394542,0.4300793523006048,695979
20.894264710374472,0.5400533165909345,696487
20.905273719170996,0.44719663425237804,696854
20.916162738770826,0.5871385490458583,697217
20.93143136404993,0.5630672393913001,697726
20.943910240505936,0.25938702894945675,698142
20.955189224995017,0.6707005069549371,698518
20.9680280690411,0.6809306991607552,698946
20.983926637602835,0.25928928675677715,699476
20.99436569771507,0.4621694240259771,699824
21.007174544461982,0.7453555889691451,700251
21.02475296177741,0.429016717758839,700837
21.032282283869858,0.4969462851646181,701088
21.04299131967465,0.569938930737392,701445
21.062459566837983,0.6337577235557348,702094
21.079828003059202,0.5699821552079736,702673
21.102565955832404,0.5581565238772872,703431
21.11843452709497,0.45356121427281343,703960
21.129443535891493,0.4103424380055955,704327
21.14144245556073,0.6426360762063119,704727
21.155601180770425,0.2883260638701203,705199
21.16718013825124,0.4533787916787211,705585
21.179988984998147,0.4929897682151671,706012
21.20542669469693,0.5613985192878627,706860
21.21865550363226,0.41321641146759275,707301
21.230144469215553,0.11658957521867051,707684
21.24253335377404,0.42773769169889747,708097
21.25741201416389,0.31409571791358,708593
21.267611095882742,0.2401686240235551,708933
21.28449957531719,0.3430177780316138,709496
21.297968362645907,0.4511205572867513,709945
21.317196631415857,0.3093468494209073,710586
21.32955551867517,0.24905306377456404,710998
21.34092449506177,0.5708153751008203,711377
21.355653168955758,0.45746355470979067,711868
21.367862069719205,0.2725004123563204,712275
21.38055092726942,0.6080967791455046,712698
21.395129614667542,0.45291025675954866,713184
21.406888555943397,0.5329513715884912,713576
21.419007464809322,0.5821853006112168,713980
21.43334617381406,0.3662026505722189,714458
21.44579505297089,0.3676315753262006,714873
21.459053859205397,0.43894953293400424,715315
21.4691929463259,0.25668604604617523,715653
21.483801631023198,0.3936835560028348,716140
21.496640475069277,0.23166829240795708,716568
21.509149348824458,0.37488896082488005,716985
21.51841851426894,0.5160387400456105,717294
21.53434708012985,0.1518921931777788,717825
21.553905319190704,0.6555545087209307,718477
21.566204211851673,0.25571574476440867,718887
21.576343298972176,0.5454371879733043,719225
21.594101700082646,0.5689406502521637,719817
21.604480765596534,0.23868525421222317,720163
21.614949823007944,0.8389273884808444,720512
21.629918475295312,0.7001448595391765,721011
21.64200738686207,0.2650845540136519,721414
21.654906225506497,0.8973578917288735,721844
21.668764977724464,0.5152988565973755,722306
21.693062790054668,0.8659825489700739,723116
21.705871636801575,0.40148530684450356,723543
21.714300877869213,0.2695540885026404,723824
21.732359251971413,0.4963256651476695,724426
21.744898123025767,0.2881498732912076,724844
21.76697613521716,0.46288462760642873,725580
21.787224312158994,0.523175668874204,726255
21.80060310759019,0.45134028880881655,726701
21.810412224419792,0.33009474653882087,727028
21.827510684948454,0.4442769401033836,727598
21.83920963162596,0.4991065942126486,727988
21.850248637721656,0.2672679087621158,728356
21.86737709554949,0.4365168433954038,728927
21.877816155661723,0.4007538399871879,729275
21.889665088835095,0.21767923923742563,729670
21.904033795139004,0.5174777756934292,730149
21.9150728012347,0.20658641095345312,730517
21.926561766817994,0.27465351110892255,730900
21.94030052983927,0.4979295096946695,731358
21.963368452903374,0.3114441492926219,732127
21.977797153805632,0.5340478369402131,732608
21.999095236218523,0.38166626846890955,733318
22.01700362382486,0.4651920499934747,733915
22.040071546888964,0.471824407536153,734684
22.052340442250756,0.44618547873236325,735093
22.075408365314864,0.4969384449299557,735862
22.098086323489717,0.27026247391634034,736618
22.114854813727476,0.3532442412480414,737177
22.12751367397852,0.2993080589972293,737599
22.13810272058662,0.2139710230108731,737952
22.14869176719472,0.3783860358524423,738305
22.16162060313832,0.3992822198311962,738736
22.17433945798771,0.3127163304511469,739160
22.186518361451984,0.48942772140789015,739566
22.200587094764163,0.4495867740080781,740035
22.2110261548764,0.45144309970209107,740383
22.22308506914398,0.4726581767599014,740785
22.23571393209585,0.48381444561260745,741206
22.250022643801415,0.4451885878018493,741683
22.26238153106073,0.2956986426869291,742095
22.274560434525004,0.5146176027452263,742501
22.287009313681835,0.31121520091836596,742916
22.297298387298206,0.07725159371066101,743259
22.30830739609473,0.5155267887785763,743626
22.3271756972746,0.4000248600051961,744255
22.344604128094165,0.31063417186113274,744836
22.358222901918747,0.48349252513887414,745290
22.36977186210039,0.34934906511234276,745675
22.381800779068797,0.34069022662779624,746076
22.39454963121736,0.4232993311582803,746501
22.41329794320054,0.49658075556753223,747126
22.432496214671318,0.658188712605793,747766
22.447614853454557,0.4877619335483664,748270
22.473052563153335,0.461628470564499,749118
22.48982105339109,0.5964318763249861,749677
22.510459195222175,0.32358924190830796,750365
22.523658006858337,0.3349243090590089,750805
22.539946540309323,0.4623770693236011,751348
22.56760405014691,0.2614634344758594,752270
22.582602699733457,0.44946036673689294,752770
22.623159048215474,0.5614439692718562,754122
22.637827727511112,0.24946353167144494,754611
22.66224552903801,0.7106441796184246,755425
22.68186376269721,0.30512723188754326,756079
22.702321920733255,0.6782025920431551,756761
22.71528075397603,0.3086185720414759,757193
22.72248010577757,0.41345144172950726,757433
22.73825868514262,0.6840482376778986,757959
22.763486413747184,0.40946309856144936,758800
22.777585144358536,0.6471069196148594,759270
22.797263372616083,0.2326262711164697,759926
22.80881233279772,0.3211611850007613,760311
22.81646164408686,0.470968175718727,760566
22.824140952675172,0.38889541658070087,760822
22.835119964172524,0.19573982468831813,761188
22.84576900537897,0.4788545980067512,761543
22.85917779810934,0.6206633083750307,761990
22.872196625950462,0.15789955062666466,762424
22.884075556423003,0.6499757628826373,762820
22.897754324845934,0.7028817166466498,763276
22.911193114875477,0.3410766192446408,763724
22.92211213177448,0.6512961682730599,764088
22.93540093530816,0.8028597312042776,764531
22.949109701030263,0.6723245678796519,764988
22.96044868011769,0.6350771986687188,765366
22.972807567377004,0.6476702798524996,765778
22.98813618725445,0.7398781777721708,766289
22.998575247366684,0.7378550224021985,766637
23.01153408060946,0.6249321078289413,767069
23.029142495224065,0.8687193786108973,767656
23.048490753190706,0.4816115068572188,768301
23.057999897028576,0.5030380769065353,768618
23.068588943636676,0.9557897097535165,768971
23.09366668574538,0.6785768402720179,769807
23.107645427160037,0.9452935299725804,770273
23.11853444675987,0.19017826532014037,770636
23.13272316926874,0.8697690243433632,771109
23.14517204842557,0.7729131044866046,771524
23.157020981598944,0.46593736902650673,771919
23.1691098931657,1.0594008527048409,772322
23.182848656186973,0.8383735649971955,772780
23.194037648778536,0.7180771095697895,773153
23.20930627405764,0.8747763969873744,773662
23.221335191026046,0.927334956638576,774063
23.233244118797764,0.8935151597080702,774460
23.24545301956121,0.8941170183430972,774867
23.260961623233698,0.9299942800469467,775384
23.271190702251722,0.6882058406858261,775725
23.28438951388788,0.8054190091148345,776165
23.3025378798876,1.156126200265344,776770
23.317446537576625,0.7763930671434469,777267
23.339764528161403,1.4124039347247155,778011
23.356353034604123,0.8853488098756529,778564
23.378401049496343,2.105999665954744,779299
23.39303973149281,1.0044107988028481,779787
23.403658775400082,0.550290213933156,780141
23.416107654556917,2.199522723141682,780556
23.43218620691369,0.8599852637988651,781092
23.441455372358178,0.9594034738479448,781401
23.45468418129351,1.8977818827158366,781842
23.46752302533959,0.8549241465602592,782270
23.482431683028615,0.7402383411617693,782767
23.500370067934124,0.8407940817075799,783365
23.51605865540165,0.996261034753716,783888
23.533667070016254,0.905210941547106,784475
23.543896149034275,0.9927034964312277,784816
23.553105319880416,1.338449661182435,785123
23.571673648068558,2.8361659073098853,785742
23.58646231656089,2.5240671560895316,786235
23.611150093780342,0.9373807637671939,787058
23.624318908117328,3.0168413462319164,787497
23.64249727141622,1.3051830145600176,788103
23.66229548887046,4.910724325384259,788763
23.686053349815545,1.0045903192227648,789555
23.70045205341863,3.618736372573076,790035
23.715240721910963,1.8067696619759692,790528
23.72531981443312,1.526750808656762,790864
23.733839047398277,2.2993072800345677,791148
23.744128121014647,5.586796177100707,791491
23.754597178426057,3.7860912419387116,791840
23.764196314161445,2.858187965498932,792160
23.7766151960191,7.815528751380414,792574
23.78738422642224,4.039084367373655,792933
23.796953364858457,5.302489496134054,793252
23.805562589721134,5.8257150824019535,793539
23.816661590415176,23.11296092122969,793909
23.8276705992117,5.800754548640376,794276
23.836369815971896,5.237161130127999,794566
23.845938954408112,3.820157254932979,794885
23.856737982110424,7.925127813846931,795245
23.8692468558656,2.7266375842602373,795662
23.878666007805954,3.6944410158618615,795976
23.88901507602067,5.481413928342447,796321
23.899334146936212,2.7369371874488584,796665
23.908033363696408,1.7808683452893266,796955
23.918322437312778,2.0255286911006154,797298
23.932451165223302,3.26843218620077,797769
23.97069772166899,4.592177596021538,799044
23.992565752766172,1.4942765980248953,799773
24.008374329430392,2.804099792724694,800300
24.034351990514285,1.1564457928502685,801166
24.04674087507277,2.485853234255571,801579
24.06149954626593,3.3869282187962817,802071
24.07196860367734,0.5137904893330226,802420
24.080097871753246,1.3358210173313252,802691
24.089217050701865,1.4121897682978302,802995
24.09896617293312,0.5741904395807437,803320
24.106015538238797,0.5961125782308053,803555
24.116004638863433,0.8974490863892786,803888
24.138772588935808,1.0496419580800567,804647
24.150081570724065,0.8325172657563545,805024
24.16586015008911,1.0767348690481764,805550
24.178159042750075,1.9224830753283353,805960
24.190667916505255,1.2323177689572828,806377
24.201376952310046,0.9132611961153034,806734
24.21673556948667,2.2918480211990357,807246
24.228824481053422,0.9978605543881248,807649
24.24121336561191,1.2901917097786229,808062
24.253932220461298,1.8956812104574525,808486
24.27724012191879,1.118362412043684,809263
24.294848536533394,1.3768488493803523,809850
24.304807639858858,0.7216255337819432,810182
24.316416594638845,1.0968741799053503,810569
24.33372503626172,1.2498340931751635,811146
24.349863583216838,0.9635648819967555,811684
24.36210248127946,0.9047632407994181,812092
24.372421552195004,0.8891766254816827,812436
24.388470107252605,1.3100654874149573,812971
24.399749091741686,1.0553456261453835,813347
24.41201798710348,0.9594408095393816,813756
24.426596674501603,1.0038089700803983,814242
24.43949551314603,0.9795485887079772,814672
24.45065450843842,0.864167242964129,815044
24.463853320074577,1.0871073586511648,815484
24.47657217492397,0.7243551598789894,815908
24.488781075687417,1.0504821344032855,816315
24.50069000345913,0.9111874206430807,816712
24.51598862603741,0.43939851529385987,817222
24.52738759972318,0.777361986021477,817602
24.541486330334532,0.8952161855382654,818072
24.551115463369094,0.4192567107484624,818393
24.56854389418866,0.6387712693948555,818974
24.585522365520628,0.6598019282625855,819540
24.59533148235023,0.20514088118753984,819867
24.611020069817755,0.7651593943703496,820390
24.623558940872105,0.7458046525949851,820808
24.635287884848783,0.1953913325994581,821199
24.646986831526288,0.677765811373858,821589
24.663545340669835,0.7348201700034899,822141
24.67389440888455,0.741881758771639,822486
24.687213209717402,0.5870701797200429,822930
24.69867217800152,0.4757310310200255,823312
24.7111810517567,0.576739748754355,823729
24.723359955220975,0.26966955721597896,824135
24.735508861386077,0.5215110139526767,824540
24.74912763521066,0.5268377619548795,824994
24.7610065656832,0.12806402199452377,825390
24.776095207167266,0.29277591478317916,825893
24.7896539863935,0.5320951252006959,826345
24.80675244692216,0.25833944352049926,826915
24.822920991176456,0.3971178545534583,827454
24.83953949491835,0.28002119175654155,828008
24.850068546928103,0.45156688877184864,828359
24.87355643218063,0.3036274950144443,829142
24.89656436064639,0.48215410870214015,829909
24.911233039942033,0.49241286509030974,830398
24.921642102755094,0.32126553380455763,830745
24.935830825263967,0.5534563296882092,831218
24.953109269587664,0.3802268616784168,831794
24.972127557263402,0.4776062388259047,832428
24.98559634459212,0.11507981046074116,832877
24.995075491130816,0.3224905286613997,833193
25.005034594456284,0.2233009050224226,833525
25.01853337908417,0.41987344509095537,833975
25.040971358865644,0.21161369681165076,834723
25.057979827496784,0.3064506177373527,835290
25.06802892271977,0.21430951627484954,835625
25.08152770734766,0.2500918049641934,836075
25.08959698082522,0.26727805593283016,836344
25.109575182074497,0.20586897866058762,837010
25.121694090940426,0.46769925986357236,837414
25.13552284585922,0.0680011212610276,837875
25.14641186545905,0.3932251547802978,838238
25.157600858050614,0.37622693537773366,838611
25.166240080212464,0.32981791084731643,838899
25.175149278066872,0.2169864008631261,839196
25.18618828416257,0.39106338917712824,839564
25.20106694455242,0.27832485038801613,840060
25.22098515120335,0.381573974068435,840724
25.23841358202292,0.2625065267557606,841305
25.250262515196287,0.23073112388492092,841700
25.261991459172965,0.6053070397627472,842091
25.274890297817393,0.30509368011714566,842521
25.282779587499917,0.27404887608703316,842784
25.303237745535963,0.5842695674609902,843466
25.31358681375068,0.14294209615782447,843811
25.323845890067876,0.49730454466761115,844153
25.33551483944621,0.4106005210363199,844542
25.343194148034517,0.2573139153721876,844798
25.352403318880658,0.060813162230257435,845105
25.36167248432514,0.4092746296720318,845414
25.37256150392497,0.46405317735018226,845777
25.382970566738035,0.2818274941581358,846124
25.40012902186504,0.41468772409162674,846696
25.409578171104563,0.4611701393977096,847011
25.421247120482896,0.41181133054101926,847400
25.43459591861492,0.4161277843907975,847845
25.447284776165137,0.5232806327180767,848268
25.45907371474016,0.5331607056865494,848661
25.473472418343245,0.5364002988856662,849141
25.484361437943075,0.41253290362810047,849504
25.496660330604044,0.30511176314453636,849914
25.510189112531105,0.5080916981199272,850365
25.523177943073055,0.4472059232713586,850798
25.533736992381982,0.2515644304758609,851150
25.541266314474427,0.11660563627063796,851401
25.550295501525525,0.4113251724429132,851702
25.560764558936935,0.38248827215586934,852051
25.569793745988033,0.17059092155639696,852352
25.58236261434156,0.332791544931108,852771
25.593971569121543,0.3848189741074344,853158
25.603480712959414,0.3012127719192486,853475
25.615629619124515,0.36733219410701834,853880
25.6319181525755,0.5033300232335296,854423
25.64355710465466,0.3474246059709325,854811
25.65549602972555,0.5195678537364007,855209
25.669534765738558,0.3827360990693808,855677
25.681053728621023,0.3620203447927497,856061
25.69470249974478,0.36540615713131164,856516
25.70754134379086,0.4090063409650925,856944
25.719060306673327,0.267621096200977,857328
25.730789250650005,0.284420130467881,857719
25.746897800305952,0.3674488094595005,858256
25.75697689282811,0.3107383803361814,858592
25.766905998854405,0.41629355223586006,858923
25.775815196708812,0.26120571717735247,859220
25.786464237915258,0.17260068926547043,859575
25.796063373650647,0.38755768216465236,859895
25.807492344635595,0.2806675351881617,860276
25.81715147496933,0.2695339721859354,860598
25.826570626909678,0.10191433720425173,860912
25.83676970862853,0.28120933172259854,861252
25.842919154959013,0.2652265468136918,861457
25.86640704021154,0.2958452852316204,862240
25.879065900462585,0.30090968511540805,862662
25.893314617569803,0.3753438823152995,863137
25.905223545341517,0.38032941234891615,863534
25.918812321866927,0.302420538575633,863987
25.929551354970894,0.1461888663021584,864345
25.944190036967363,0.4021412477236289,864833
25.9593086757506,0.20922947366432626,865337
25.968697830391775,0.14989212883679562,865650
25.982436593413052,0.3223536788457951,866108
25.99797519438471,0.11522371223478277,866626
26.008384257197772,0.21459563018598699,866973
26.020863133653776,0.40418591956668554,867389
26.032082123544512,0.1270246189235242,867763
26.04762072451617,0.22209889903150837,868281
26.058209771124275,0.3625003521240792,868634
26.073088431514126,0.22828979737743044,869130
26.095526411295598,0.26811760951895003,869878
26.10827526344416,0.2521015306822954,870303
26.117454436991125,0.17888927603554922,870609
26.127473534914937,0.2335934738172513,870943
26.144751979238638,0.1741311659688812,871519
26.15963063962849,0.14545519220610076,872015
26.170459664629973,0.15217526503654114,872376
26.18167865452071,0.3229036929926916,872750
26.19682729060312,0.2476354907547033,873255
26.207116364219488,0.20727783446263282,873598
26.21908528658955,0.2866337663805846,873997
26.237263649888444,0.3658755442100416,874603
26.244942958476756,0.22979421103157244,874859
26.257781802522835,0.45168395754130747,875287
26.278179965960536,0.35932137553273447,875967
26.29752822392718,0.302663324156433,876612
26.308837205715434,0.2544785802786889,876989
26.318556330647517,0.35053978673660763,877313
26.332025117976233,0.15875946095331533,877762
26.341204291523198,0.23778738194088433,878068
26.351283384045356,0.2566946321273653,878404
26.360702535985705,0.4260498612700888,878718
26.370601644712824,0.173684298893187,879048
26.37948084526806,0.22011299988475375,879344
26.399699024910724,0.2132987042116436,880018
26.411607952682438,0.25981445565841693,880415
26.42441679942935,0.27464811000559985,880842
26.4377356002622,0.20753550801572734,881286
26.450664436205802,0.19868949213182163,881717
26.469562734684846,0.27981790525136985,882347
26.490320865712626,0.2865374538279445,883039
26.501899823193437,0.22325960140063777,883425
26.5185483242345,0.08436554560247075,883980
26.531087195288855,0.32407972419960834,884398
26.542846136564705,0.1767287880980392,884790
26.55289523178769,0.1101707607541685,885125
26.569483738230407,0.29623231752797197,885678
26.581092693010394,0.17778998577022415,886065
26.59222169100361,0.24654127956396937,886436
26.603950634980286,0.37721243945269395,886827
26.61531961136689,0.07776856116465561,887206
26.625518693085738,0.40567896114836355,887546
26.6398274047913,0.4065586108731793,888023
26.65116638387873,0.19469171601792043,888401
26.665625082080158,0.6069505401689672,888883
26.678283942331202,0.7050313331334707,889305
26.689382943025247,0.3614953263089496,889675
26.70477155750104,0.5335963378018054,890188
26.716650487973585,0.660200949890724,890584
26.727929472462666,0.4527574857793768,890960
26.741218275996346,0.5744821819890125,891403
26.75468706332506,0.481859833615155,891852
26.76689596408851,0.3991773712415221,892259
26.780094775724667,0.3731406966306592,892699
26.791823719701345,0.2516667871463576,893090
26.804272598858176,0.38237685073215516,893505
26.816781472613357,0.272931586985412,893922
26.82206099726782,0.29093406173491276,894098
26.831300165413133,0.21998827370356944,894406
26.84137925793529,0.3631692975682012,894742
26.851668331551657,0.1870376728950677,895085
26.862707337647354,0.441220957287741,895453
26.875426192496747,0.041496114344317395,895877
26.882685538896634,0.07973626572411434,896119
26.891924707041944,0.28618745956401204,896427
26.903863632112834,0.40474380874808924,896825
26.91109298121355,0.33185592196483565,897066
26.92393182525963,0.386312597136912,897494
26.94918955116337,0.4527413373653793,898336
26.963198289877205,0.38817564188776144,898803
26.98878598607185,0.42914540900035875,899656
27.00123486522868,0.3406026292605754,900071
27.02442277748948,0.38087195663400036,900844
27.03861149999835,0.3210191386896949,901317
27.061589431164936,0.3228984401694763,902083
27.07313839134658,0.39581958834277126,902468
27.09188670332976,0.3152698450129164,903093
27.10433558248659,0.17486646920124366,903508
27.11570455887319,0.22854295071044575,903887
27.134182895163814,0.2882043832266149,904503
27.147861663586742,0.35532168129857317,904959
27.171379546138443,0.47233885094644096,905743
27.19609732065707,0.4242473435856824,906567
27.209386124190747,0.564618857702134,907010
27.234193890606893,0.43421149883362603,907837
27.25240225120496,0.49974547157784727,908444
27.27496022018312,0.4323855673837873,909196
27.288489002110186,0.47000577962463724,909647
27.31680645252958,0.28030244833435397,910591
27.33108516693597,0.5560127689297465,911067
27.342094175732495,0.2757961168395006,911434
27.361202455305754,0.2298455634447374,912071
27.377131021166665,0.42255661173916953,912602
27.401698809189423,0.35927348750026594,913421
27.4162175019892,0.33360040674981356,913905
27.42518669444195,0.6345925330322735,914204
27.440395325122708,0.3198990730943552,914711
27.464153186067797,0.5587141730184787,915503
27.47807193288411,0.4651205913028186,915967
27.489860871459133,0.14955144562338427,916360
27.501859791128368,0.6582443020532017,916760
27.515328578457087,0.361688972859958,917209
27.530867179428746,0.12957299731828928,917727
27.54400599646656,0.6246079663320796,918165
27.555374972853162,0.3778467273820061,918544
27.571723500902493,0.14786031399196892,919089
27.58363242867421,0.4661647531756644,919486
27.589301918217924,0.5024031958110118,919675
27.605260481378007,0.2860746095987836,920207
27.624308766352918,0.47122102758519746,920842
27.647646665109583,0.5541381833354042,921620
27.662315344405222,0.50030347675413,922109
27.673684320791825,0.47714043495516717,922488
27.68655316213708,0.7189077288764228,922917
27.699601987277372,0.46812688487979903,923352
27.71298078270857,0.61001913838994,923798
27.725039696976154,0.6246823983794167,924200
27.735148786797485,0.5305410926196836,924537
27.75347713659224,0.7210820052321983,925148
27.76436615619207,0.4817680142851547,925511
27.77432525951754,0.5995081254494428,925843
27.7862941818876,0.5871371344868069,926242
27.793493533689144,0.6569018622233472,926482
27.811281932098787,0.4283000094988536,927075
27.820611092141615,0.4373682986339134,927386
27.83213005502408,0.7033752005019152,927770
27.845178880164376,0.19953997368331414,928205
27.85513798348984,0.7622364510071274,928537
27.871786484530904,0.663286541491307,929092
27.88258551223322,0.31130555552928335,929452
27.89551434817682,0.8307354578374044,929883
27.908323194923728,0.6861101488241793,930310
27.922541914731774,0.41302984207230964,930784
27.933310945134913,0.7845918106300639,931143
27.946149789180993,0.7247280432533186,931571
27.95805871695271,0.43982031768324836,931968
27.973237350334294,0.7048994527812676,932474
27.984846305114278,0.4924262909979182,932861
27.99681522748434,0.45376434403034027,933260
28.008394184965155,0.5798143287389435,933646
28.023662810244257,0.5942862745543167,934155
28.03359191627055,0.41787392638190113,934486
28.046160784624075,0.35199117765814686,934905
28.061579396399043,0.770433489578043,935419
28.068358786012162,0.7355733789708229,935645
28.079787756997106,0.528126182202408,936026
28.089176911638283,0.19347277287244874,936339
28.102015755684366,0.9327877004332212,936767
28.11962417029897,0.709326417853199,937354
28.14086225811352,1.4522863441459855,938062
28.156580842880217,0.8584418725676493,938586
28.166749927299893,0.4868038959101756,938925
28.178928830764168,1.5375653287139641,939331
28.196597239977116,0.7895987954195144,939920
28.204546524257985,0.7848811146497816,940185
28.217655343996626,1.4041712248390563,940622
28.231034139427823,0.6865886596875115,941068
28.2447729024491,0.5854605681351671,941526
28.25587190314314,0.5094944867664342,941896
28.263671200928144,0.7187221492573693,942156
28.27974975328492,0.7186097110441391,942692
28.297478157096215,0.6900920329997364,943283
28.30665733064318,0.9693354205513542,943589
28.31586650148932,1.1057842978554933,943896
28.324055764163575,0.28316400003075987,944169
28.334644810771675,2.09064760827684,944522
28.350393392837546,2.0895015445821863,945047
28.375261153852037,0.5922788304447584,945876
28.388339976291505,2.3060590106596868,946312
28.406668326086262,1.0493759696914169,946923
28.42667652463471,3.9390236623911163,947590
28.45187425594011,0.9333753878963855,948430
28.46366319451513,2.8695741339711995,948823
28.47812189271656,1.1890082878207924,949305
28.48850095823045,1.0968640009996145,949651
28.496900201998915,1.8012858432934264,949931
28.507129281016937,4.418638469611615,950272
28.51762833572752,2.8703450631005154,950622
28.527137479565386,2.230801596409079,950939
28.540006320910642,5.566240206454374,951368
28.55074535401461,2.838874026765585,951726
28.560314492450825,4.184649349390396,952045
28.568983711911848,4.957069593897575,952334
28.5799627234092,19.24864220943292,952700
28.59103172680407,4.750279956308995,953069
28.599550959769225,4.310425087324381,953353
28.609000109008747,3.0889396607619686,953668
28.61988912860858,5.480918379789332,954031
28.632727972654664,2.1535961992398236,954459
28.64223711649253,2.9220730467100227,954776
28.652646179305595,4.61565505099461,955123
28.66263527993023,1.8709013772779577,955456
28.671574475083812,1.447555551854985,955754
28.681893545999355,1.4614430887798358,956098
28.696952190184245,2.5859557849729784,956600
28.734148841158877,3.71422572086962,957840
28.75514695058004,0.9037569182902478,958540
28.771885443518624,2.0844659720581875,959098
28.784664292966358,0.2718499730265638,959524
28.796483228840557,0.8884813749350956,959918
28.81028198646018,2.1534049593305817,960378
28.82516064685003,2.581659402307051,960874
28.83574969345813,0.2587316152685415,961227
28.843488996644787,0.9887823976292072,961485
28.853058135081003,1.1834288815968739,961804
28.86574699263122,0.6221100665970588,962227
28.879215779959935,0.8249364751772019,962676
28.901743751638925,0.8200190103023416,963427
28.913952652402376,0.701336297494369,963834
28.928651328997187,0.8196084048068725,964324
28.941820143334173,1.3996645569956405,964763
28.954658987380256,0.7316843404373187,965191
28.96449810150903,0.750120319364451,965519
28.980696643062497,1.5398642073157691,966059
28.992125614047445,0.3869880752629447,966440
29.003674574229084,0.9496998345466415,966825
29.01858323191811,1.4900590759420074,967322
29.0411112035971,0.8550523698706924,968073
29.056559812671242,1.187661156195483,968588
29.06858872963965,0.37169315939318776,968989
29.079507746538653,0.7553803853266442,969353
29.085387217176578,0.7702710621332891,969549
29.096906180059047,0.9271790459025865,969933
29.11451459467365,0.7375746526557065,970520
29.125643592666865,0.57395884274818,970891
29.136082652779102,0.8567649753560542,971239
29.15027137528797,0.7190470883274914,971712
29.16416012480511,0.5397816868527091,972175
29.17597906067931,0.8478346448092142,972569
29.187138055971698,0.6708923127024057,972941
29.203126616430954,0.35233424240708233,973474
29.21491555500598,0.7115927570304422,973867
29.227424428761157,0.8116675476183873,974284
29.237833491574218,0.451986304697067,974631
29.24746262460878,0.32215292096504994,974952
29.2550219440004,0.5711498506334329,975204
29.266390920387,0.6760092293458452,975583
29.278209856261196,0.33123320582790045,975977
29.291018703008106,0.7848024161116556,976404
29.306947268869017,0.5586197554878942,976935
29.317716299272156,0.049587258061470955,977294
29.32980521083891,0.7696610987624672,977697
29.340214273651974,0.26318012321300205,978044
29.351163287850152,0.4870230130737308,978409
29.369761613337467,0.6556360754697986,979029
29.38719004415703,0.37320712490444813,979610
29.406478307525326,0.42897226038253583,980253
29.425766570893625,0.47807326164449027,980896
29.438275444648802,0.23710810943233415,981313
29.449734412932923,0.4257739493098237,981695
29.462993219167426,0.46947173226538025,982137
29.477331928172163,0.2666802517351085,982615
29.490080780320728,0.25823457049097265,983040
29.501329767510637,0.4835489785736457,983415
29.51476855754018,0.3492941674928957,983863
29.52748741238957,0.2410335807196379,984287
29.53828644009188,0.44185249321549624,984647
29.550165370564425,0.3388959554145456,985043
29.562104295635315,0.12450088313285226,985441
29.578632807479686,0.27098477604804827,985992
29.590271759558846,0.3639295424037858,986380
29.60923005263624,0.13698752005609058,987012
29.619099164064185,0.3496026469073751,987341
29.630528135049133,0.1383467828448499,987722
29.63847741933,0.10114926795090529,987987
29.647416614483582,0.1322349915475471,988285
29.66052543422222,0.5337278944704011,988722
29.674354189141013,0.22660080022895449,989183
29.68644310070777,0.11681534350427682,989586
29.69973190424145,0.48500509075061815,990029
29.714340588938743,0.38651344775897667,990516
29.727389414079035,0.4865032375789208,990951
29.736418601130136,0.3385392486068517,991252
29.756126826686856,0.09762945324555898,991909
29.765575975926378,0.2432718938228591,992224
29.77694495231298,0.29099407992042886,992603
29.797403110349027,0.25142424630019955,993285
29.815161511459497,0.4074253735770247,993877
29.833279880160042,0.21267302271040192,994481
29.844078907862354,0.387510410669511,994841
29.85433798417955,0.4656064276676373,995183
29.86483703889013,0.22032843933076282,995533
29.871796412298288,0.15686909825815776,995765
29.883735337369178,0.2788246717221367,996163
29.894264389378932,0.25785840157806555,996514
29.906443292843207,0.43154598267846767,996920
29.915862444783556,0.1809225810865153,997234
29.9261815156991,0.3563570457058089,997578
29.9442398898013,0.2673589509979906,998180
29.953449060647436,0.36357637375091534,998487
29.966437891189386,0.4823403924069409,998920
29.982786419238717,0.3360182714673587,999465
29.993045495555915,0.16782204841328796,999807
