BJD_TDB,err_d
1683.3908049142522,1.0496714462662439e-05
1683.4957720588789,1.0496714462662439e-05
1683.6007392035053,1.0496714462662439e-05
1683.705706348132,1.0496714462662439e-05
1683.8106734927587,1.0496714462662439e-05
1683.9156406373852,1.0496714462662439e-05
1684.0206707622986,0.006786529774377934
1684.1255749266386,1.0496714462662439e-05
1684.232263532437,0.005297920961559871
1684.3355092158918,1.0496714462662439e-05
1684.4404763605185,1.0496714462662439e-05
1684.545443505145,1.0496714462662439e-05
1684.6504106497716,1.0496714462662439e-05
1684.7553777943983,1.0496714462662439e-05
1684.8603449390248,1.0496714462662439e-05
1684.9653120836515,1.0496714462662439e-05
1685.0702792282782,1.0496714462662439e-05
1685.1752463729047,1.0496714462662439e-05
1685.2816200772693,0.004572625550079062
1685.385180662158,1.0496714462662439e-05
1685.4931498671208,0.005098759940954982
1685.5951149514112,1.0496714462662439e-05
1685.7032940906636,0.004903478192730663
1685.8050912275226,0.002936851613148143
1685.9120527478967,0.0048698554037092615
1686.0149835299178,1.0496714462662439e-05
1686.1207064379857,0.004846006835674075
1686.224917819171,1.0496714462662439e-05
1686.3298849637977,1.0496714462662439e-05
1686.4348521084244,1.0496714462662439e-05
1686.5398192530508,1.0496714462662439e-05
1686.6447863976775,1.0496714462662439e-05
1686.7497535423042,1.0496714462662439e-05
1686.8547206869307,1.0496714462662439e-05
1686.9596878315574,1.0496714462662439e-05
1687.064654976184,1.0496714462662439e-05
1687.1696221208106,1.0496714462662439e-05
1687.2745892654373,1.0496714462662439e-05
1687.379556410064,1.0496714462662439e-05
1687.4845235546904,1.0496714462662439e-05
1687.5894906993171,1.0496714462662439e-05
1687.6944578439438,1.0496714462662439e-05
1687.7994249885703,1.0496714462662439e-05
1688.0093592778237,1.0496714462662439e-05
1688.1143264224502,1.0496714462662439e-05
1688.2192935670769,1.0496714462662439e-05
1688.3242607117036,1.0496714462662439e-05
1688.42922785633,1.0496714462662439e-05
1688.5341950009567,1.0496714462662439e-05
1688.6391621455834,1.0496714462662439e-05
1688.74412929021,1.0496714462662439e-05
1688.8490964348366,1.0496714462662439e-05
1688.9540635794633,1.0496714462662439e-05
1689.0590307240898,1.0496714462662439e-05
1689.1639978687165,1.0496714462662439e-05
1689.2689650133432,1.0496714462662439e-05
1689.3739321579696,1.0496714462662439e-05
1689.4788993025963,1.0496714462662439e-05
1689.583866447223,1.0496714462662439e-05
1689.6888335918495,1.0496714462662439e-05
1689.7938007364762,1.0496714462662439e-05
1689.899271723397,0.004669503546545942
1690.003839992874,0.002593318528131626
1690.1121870795578,0.006410079538668795
1690.2136693149828,1.0496714462662439e-05
1690.3223522965293,0.004782292693791333
1690.423603604236,1.0496714462662439e-05
1690.5296414137379,0.0050365865189986965
1690.6335378934893,1.0496714462662439e-05
1690.7385050381158,1.0496714462662439e-05
1690.8434721827425,1.0496714462662439e-05
1690.9484393273692,1.0496714462662439e-05
1691.0534064719957,1.0496714462662439e-05
1691.1583736166224,1.0496714462662439e-05
1691.263382748107,0.0030230776969174624
1691.3683079058756,1.0496714462662439e-05
1691.4732750505023,1.0496714462662439e-05
1691.578242195129,1.0496714462662439e-05
1691.6832093397554,1.0496714462662439e-05
1691.7881764843821,1.0496714462662439e-05
1691.8931436290088,1.0496714462662439e-05
1691.9981317670643,1.0496714462662439e-05
1692.103077918262,1.0496714462662439e-05
1692.2080450628887,1.0496714462662439e-05
1692.3130122075152,1.0496714462662439e-05
1692.4179793521419,1.0496714462662439e-05
1692.5229464967686,1.0496714462662439e-05
1692.627913641395,1.0496714462662439e-05
1692.7329647597373,0.0028340100458234224
1692.8378479306484,1.0496714462662439e-05
1692.942815075275,1.0496714462662439e-05
1693.0477822199016,1.0496714462662439e-05
1693.1527493645283,1.0496714462662439e-05
1693.258745187172,0.005414195177470672
1693.3626836537815,1.0496714462662439e-05
1693.4676507984082,1.0496714462662439e-05
1693.5726179430346,1.0496714462662439e-05
1693.6775850876613,1.0496714462662439e-05
1693.782552232288,1.0496714462662439e-05
1693.887939245493,0.006510920468254791
1693.9924865215412,1.0496714462662439e-05
1694.101652351953,1.0496714462662439e-05
1694.2024208107944,1.0496714462662439e-05
1694.311586641206,1.0496714462662439e-05
1694.4123551000478,1.0496714462662439e-05
1694.5215209304592,0.017448212411233236
1694.622289389301,1.0496714462662439e-05
1694.731350252568,0.0017493443575384994
1694.8322236785543,1.0496714462662439e-05
1694.9413895089658,0.003433553424325806
1695.0421579678075,1.0496714462662439e-05
1695.1513237982192,0.0016038938545273223
1695.2521972242052,0.002045261248721775
1695.3612580874724,1.0496714462662439e-05
1695.4623624411768,0.0021650868784624283
1695.672821566153,0.003592167937325314
1695.8829028094087,0.0027670929816847865
1696.0931310066671,0.00272238858144758
1696.3048917242368,0.0026067942723801345
1697.3556338353783,0.0130890639111642
1697.5655681246315,1.0496714462662439e-05
1697.7755024138846,1.0496714462662439e-05
1697.9847439199834,0.001221722271608635
1698.194888143526,0.0013000533472981805
1698.4050533604973,0.0013214190214216593
1698.6152185774688,0.0029299472224300622
1698.825173860151,0.012492954388374137
1699.035108149404,0.0026972219374144005
1699.2442236949294,0.0014739785064651386
1699.454367918472,0.0015790743058392465
1699.6645331354434,0.0013346203650391381
1699.8744674246966,0.001679249759170465
1700.084611648239,0.0016108002280076814
1700.2947138849238,0.0018310308568039958
1700.504648174177,1.0496714462662439e-05
1700.71380570656,0.003400022227156032
1700.9239499301025,0.0039389706202291675
1701.134115147074,0.0033591638981057496
1701.3413202905667,0.0016685857069937346
1701.5514645141095,0.0018036554057135402
1701.7600552239114,1.0496714462662439e-05
1701.9701154737381,0.002253090568112736
1702.180238703852,0.002139770064517037
1702.3904039208232,0.001992740153289688
1702.5997923809243,1.0496714462662439e-05
1702.8097266701777,1.0496714462662439e-05
1703.019660959431,1.0496714462662439e-05
1703.229595248684,1.0496714462662439e-05
1703.4395715247954,0.002174520847056574
1703.548695368349,0.008592632046217878
1703.6497157483377,0.0019660662988536487
1703.7586296576023,1.0496714462662439e-05
1703.8598599718803,0.0019773617314205448
1703.9685639468555,1.0496714462662439e-05
1704.0693324056972,1.0496714462662439e-05
1704.178498236109,1.0496714462662439e-05
1704.2792666949504,1.0496714462662439e-05
1704.3883485516465,0.0015099533292924094
1704.4892009842038,1.0496714462662439e-05
1704.5983458211863,0.0014751509476994568
1704.699135273457,1.0496714462662439e-05
1704.8083011038686,0.0014395537333065052
1704.90906956271,1.0496714462662439e-05
1705.0182353931218,0.012492954389202173
1705.1190878256791,0.003050058745309319
1705.228169682375,0.013032261205927785
1705.3289381412167,1.0496714462662439e-05
1705.4375791359053,0.004422488222311074
1705.5388724304698,1.0496714462662439e-05
1705.6438395750965,1.0496714462662439e-05
1705.7488067197232,1.0496714462662439e-05
1705.8537738643497,1.0496714462662439e-05
1705.9587410089764,1.0496714462662439e-05
1706.063729147032,1.0496714462662439e-05
1706.1686752982296,1.0496714462662439e-05
1706.2736424428563,1.0496714462662439e-05
1706.378609587483,1.0496714462662439e-05
1706.4835767321094,1.0496714462662439e-05
1706.5885438767361,1.0496714462662439e-05
1706.6935110213628,1.0496714462662439e-05
1706.7984781659893,1.0496714462662439e-05
1706.903445310616,1.0496714462662439e-05
1707.0084124552427,1.0496714462662439e-05
1707.1133795998692,1.0496714462662439e-05
1707.2183467444959,1.0496714462662439e-05
1707.3233138891226,1.0496714462662439e-05
1707.428281033749,1.0496714462662439e-05
1707.5332481783757,1.0496714462662439e-05
1707.6382153230024,1.0496714462662439e-05
1707.743182467629,1.0496714462662439e-05
1707.8481915991135,0.003140492503712836
1707.9531167568823,1.0496714462662439e-05
1708.0580839015088,1.0496714462662439e-05
1708.1630510461355,1.0496714462662439e-05
1708.2680181907622,1.0496714462662439e-05
1708.3729853353889,1.0496714462662439e-05
1708.4779524800153,1.0496714462662439e-05
1708.582919624642,1.0496714462662439e-05
1708.6878867692687,1.0496714462662439e-05
1708.7928539138952,1.0496714462662439e-05
1708.897821058522,1.0496714462662439e-05
1709.0027882031486,1.0496714462662439e-05
1709.107755347775,1.0496714462662439e-05
1709.2127224924018,1.0496714462662439e-05
1709.3176896370285,1.0496714462662439e-05
1709.422656781655,1.0496714462662439e-05
1709.5276239262816,1.0496714462662439e-05
1709.6325910709083,1.0496714462662439e-05
1709.7375582155348,1.0496714462662439e-05
1709.8425253601615,1.0496714462662439e-05
1709.9474925047882,1.0496714462662439e-05
1710.0524596494147,1.0496714462662439e-05
1710.1574267940414,1.0496714462662439e-05
1711.4170325295609,1.0496714462662439e-05
1711.5219996741876,1.0496714462662439e-05
1711.626966818814,1.0496714462662439e-05
1711.7319339634407,1.0496714462662439e-05
1711.8369011080674,1.0496714462662439e-05
1711.941868252694,1.0496714462662439e-05
1712.046982351323,0.004239016368561346
1712.1518025419473,1.0496714462662439e-05
1712.2567696865738,1.0496714462662439e-05
1712.3617368312005,1.0496714462662439e-05
1712.4667039758272,1.0496714462662439e-05
1712.5755968916626,0.00616890445806504
1712.6766382650803,1.0496714462662439e-05
1712.7857411152054,0.006655967745323256
1712.8865725543337,1.0496714462662439e-05
1712.9957383847452,0.019215323867504207
1713.096506843587,1.0496714462662439e-05
1713.2056726739986,0.012183412323412472
1713.30644113284,1.0496714462662439e-05
1713.4156069632518,1.0496714462662439e-05
1713.5163754220935,1.0496714462662439e-05
1713.625541252505,0.016220461630700657
1713.7263097113466,1.0496714462662439e-05
1713.8351606403244,0.0037284124906347684
1713.9362440005998,1.0496714462662439e-05
1714.045304863867,0.0038553090310831334
1714.1461782898532,1.0496714462662439e-05
1714.2553441202647,0.002725338400488855
1714.3561125791064,1.0496714462662439e-05
1714.465278409518,0.0032485497862420856
1714.5660468683595,1.0496714462662439e-05
1714.6752126987712,1.0496714462662439e-05
1714.775981157613,1.0496714462662439e-05
1714.884433211441,0.004072529554072447
1714.985915446866,1.0496714462662439e-05
1715.0945774349836,0.004327155293035982
1715.1958497361193,1.0496714462662439e-05
1715.300816880746,1.0496714462662439e-05
1715.4057840253727,1.0496714462662439e-05
1715.5107511699991,1.0496714462662439e-05
1715.6157183146258,1.0496714462662439e-05
1715.8291375130807,0.0039290452616496056
1715.9348184342907,0.00794337383206555
1716.0364896105762,0.004760913765877357
1716.144752723544,1.0496714462662439e-05
1716.2494049667366,0.0027571222937045337
1716.3546870127973,1.0496714462662439e-05
1716.4565681233717,0.0040107356582106774
1716.5642854071878,0.003514581326815561
1716.6653897608921,1.0496714462662439e-05
1716.774450624159,0.0029099833303435165
1716.8753240501453,1.0496714462662439e-05
1716.984489880557,0.004535086377777496
1717.0852583393985,1.0496714462662439e-05
1717.1944241698102,0.0029107147699475363
1717.2951926286519,1.0496714462662439e-05
1717.4043584590636,1.0496714462662439e-05
1717.505126917905,1.0496714462662439e-05
1717.6135789717334,0.006428315127194103
1717.7150612071584,1.0496714462662439e-05
1717.8236812084178,0.006009765558732082
1717.9249954964116,1.0496714462662439e-05
1718.0299626410383,1.0496714462662439e-05
1718.1349297856648,1.0496714462662439e-05
1718.2398969302915,1.0496714462662439e-05
1718.3448640749182,1.0496714462662439e-05
1718.4498312195446,1.0496714462662439e-05
1718.5547983641713,1.0496714462662439e-05
1718.659765508798,1.0496714462662439e-05
1718.7647326534245,1.0496714462662439e-05
1718.8696997980512,1.0496714462662439e-05
1718.974666942678,1.0496714462662439e-05
1719.0796340873044,1.0496714462662439e-05
1719.184601231931,1.0496714462662439e-05
1719.2895683765578,1.0496714462662439e-05
1719.3945355211843,1.0496714462662439e-05
1719.499502665811,1.0496714462662439e-05
1719.6044698104376,1.0496714462662439e-05
1719.7094369550641,1.0496714462662439e-05
1719.8144040996908,1.0496714462662439e-05
1719.9193712443175,1.0496714462662439e-05
1720.024338388944,1.0496714462662439e-05
1720.1293055335707,1.0496714462662439e-05
1720.234356651913,0.0018064810255046854
1720.3392398228239,1.0496714462662439e-05
1720.4442069674506,1.0496714462662439e-05
1720.5499298755185,0.005082873457854169
1720.7630551659684,0.002439837161117126
1720.9731993895107,0.0021819480200208847
1721.183175665622,0.0018601401558155427
1721.3931099548752,0.003309109119387042
1724.9619928721804,1.0496714462662439e-05
1725.1719271614336,0.017663761916982886
1725.381861450687,0.0017208144689283855
1725.5917957399402,0.010223865616905534
1725.8017300291933,1.0496714462662439e-05
1726.0116643184467,1.0496714462662439e-05
1726.2215986077,1.0496714462662439e-05
1726.4314279298087,0.0024335636840866932
1726.6414461927775,0.0019791479872515094
1726.8514014754596,0.001922313099153349
1727.061335764713,0.012492954389245242
1727.2712700539662,0.004448827441399515
1727.4812043432194,1.0496714462662439e-05
1727.6909496916126,0.0017180609992488965
1727.901072921726,0.0019172946006366992
1728.111007210979,0.0030738338886374065
1728.3209415002325,0.0021083217844864353
1728.5308757894857,1.0496714462662439e-05
1728.7408100787388,1.0496714462662439e-05
1728.9503454928426,0.007301306461758604
1729.0515128268337,1.0496714462662439e-05
1729.1576765969091,0.0061720971033463095
1729.261447116087,1.0496714462662439e-05
1729.3678208204515,0.007284458167155626
1729.4713814053403,1.0496714462662439e-05
1729.576348549967,1.0496714462662439e-05
1729.6813156945934,1.0496714462662439e-05
1729.7862828392201,1.0496714462662439e-05
1729.8913129641335,0.002270958283871777
1729.9962171284733,1.0496714462662439e-05
1730.1011842731,1.0496714462662439e-05
1730.2061514177267,1.0496714462662439e-05
1730.3111185623532,1.0496714462662439e-05
1730.4160857069799,1.0496714462662439e-05
1730.5210528516066,1.0496714462662439e-05
1730.626019996233,1.0496714462662439e-05
1730.7309871408597,1.0496714462662439e-05
1730.8359542854864,1.0496714462662439e-05
1730.9409214301131,1.0496714462662439e-05
1731.0459305615975,0.004353217099434174
1731.1508557193663,1.0496714462662439e-05
1731.2591398257632,0.0057187783946437715
1731.3607900086195,1.0496714462662439e-05
1731.4692840493055,0.005602982574319029
1731.5707242978729,1.0496714462662439e-05
1731.6794492662768,0.004838464950771896
1731.780658587126,1.0496714462662439e-05
1731.8895934898196,0.008461570267632028
1731.9905928763792,1.0496714462662439e-05
1732.099758706791,1.0496714462662439e-05
1732.2005271656326,1.0496714462662439e-05
1732.309692996044,0.005783239716457252
1732.411196224898,0.00394395020553718
1732.5196272852975,0.006182519104493505
1732.624300521919,0.005068595905376102
1732.7295615745506,0.00456348996256045
1732.8342977914592,0.0038553919082151174
1732.9394958638038,1.0496714462662439e-05
1733.0444630084305,0.0029894737781188327
1733.1494301530572,1.0496714462662439e-05
1733.2543972976837,0.01249295438912443
1733.3593224554525,0.0018313569325959901
1733.464331586937,0.008557997068331982
1733.5692987315635,0.0022584086098194297
1733.6742658761902,1.0496714462662439e-05
1733.779233020817,0.005663849659478788
1733.8839692377253,0.003010564371607846
1733.9891673100701,0.005586991096654501
1734.0941134612679,0.003327061992848235
1734.1991015993233,1.0496714462662439e-05
1734.30406874395,0.003616904801648439
1734.4090358885767,1.0496714462662439e-05
1734.5140030332032,0.002975647246384508
1734.6188232238273,0.001554979778867705
1734.7239373224565,1.0496714462662439e-05
1734.828904467083,1.0496714462662439e-05
1734.9338716117097,1.0496714462662439e-05
1735.0388387563364,0.003530652822941347
1735.143805900963,1.0496714462662439e-05
1735.2487730455896,0.006176861013890099
1735.3536142296427,0.0018901819586770298
1735.458707334843,1.0496714462662439e-05
1738.7084901324831,1.0496714462662439e-05
1738.8174460286057,0.004804583075517032
1738.9184244217365,1.0496714462662439e-05
1739.023433553221,0.00580702763988603
1739.1283587109897,1.0496714462662439e-05
1739.2333258556164,1.0496714462662439e-05
1739.3382930002429,1.0496714462662439e-05
1739.4436170331612,0.005390183943431586
1739.548290269783,0.00288880232459128
1739.6531944341227,1.0496714462662439e-05
1739.7581615787494,1.0496714462662439e-05
1739.8631287233761,1.0496714462662439e-05
1739.9680958680028,1.0496714462662439e-05
1740.0730630126293,1.0496714462662439e-05
1740.178030157256,1.0496714462662439e-05
1740.2842988944758,0.006157162112805175
1740.3879644465092,1.0496714462662439e-05
1740.4957657040407,0.004578173761441585
1740.5978987357626,1.0496714462662439e-05
1740.7046083349899,0.0047912537240281895
1740.8078330250157,1.0496714462662439e-05
1740.9169988554274,1.0496714462662439e-05
1741.017767314269,1.0496714462662439e-05
1741.1269331446806,1.0496714462662439e-05
1741.2277016035223,1.0496714462662439e-05
1741.336510545642,0.0039034306432411017
1741.4376358927755,1.0496714462662439e-05
1741.5466547691847,0.0033869916692141422
1741.6475701820286,1.0496714462662439e-05
1741.7567360124403,1.0496714462662439e-05
1741.8581972544366,0.005525079704188804
1741.9666703016935,0.002836396232545381
1742.0674387605352,1.0496714462662439e-05
1742.176604590947,1.0496714462662439e-05
1742.2773730497884,1.0496714462662439e-05
1742.3865388802,0.0051699447179916515
1742.4873073390418,1.0496714462662439e-05
1742.5964731694532,0.009833883927187289
1742.697241628295,1.0496714462662439e-05
1742.8061555375596,0.0026838572197054127
1742.907175917548,1.0496714462662439e-05
1743.016299761102,0.0026206042474746128
1743.1171102068015,1.0496714462662439e-05
1743.226276037213,0.002377589881745185
1743.3270444960547,1.0496714462662439e-05
1743.4362103264664,0.007164449625711586
1743.5369787853078,1.0496714462662439e-05
1743.6461446157195,0.004554782733764637
1743.7469130745612,1.0496714462662439e-05
1743.8560789049727,1.0496714462662439e-05
1743.9568473638144,1.0496714462662439e-05
1744.0655513387899,0.006989518244737208
1744.1667816530676,1.0496714462662439e-05
1744.2717487976943,1.0496714462662439e-05
1744.376715942321,1.0496714462662439e-05
1744.4816830869477,1.0496714462662439e-05
1744.5866502315741,1.0496714462662439e-05
1744.6916173762008,1.0496714462662439e-05
1744.7965845208273,1.0496714462662439e-05
1744.901551665454,1.0496714462662439e-05
1745.0065398035097,1.0496714462662439e-05
1745.1114859547074,1.0496714462662439e-05
1745.2164530993339,1.0496714462662439e-05
1745.3214202439606,1.0496714462662439e-05
1745.4263873885873,1.0496714462662439e-05
1745.5313545332137,1.0496714462662439e-05
1745.6363216778404,1.0496714462662439e-05
1745.7436820733647,0.003647314208759915
1745.8462559670936,1.0496714462662439e-05
1745.9554217975053,0.002238007407563367
1746.056190256347,1.0496714462662439e-05
1746.1653560867585,0.012494950684653477
1746.2661245456002,1.0496714462662439e-05
1746.375290376012,0.0033868516082497103
1746.4762267822848,0.0015814950122960776
1746.585224665265,1.0496714462662439e-05
1746.7951589545182,1.0496714462662439e-05
1747.0049252963402,0.0019747737369943444
1747.2150275330248,1.0496714462662439e-05
1747.424961822278,0.002465249422543414
1747.6348961115314,0.010014994724900824
1747.8448304007845,1.0496714462662439e-05
1748.0547646900377,0.016220461630959727
1748.264698979291,1.0496714462662439e-05
1748.4745702882576,0.0012141852066198764
1748.6845675577974,0.0015407038978412168
1751.8335818965963,1.0496714462662439e-05
1752.0435161858495,0.002557926505241854
1752.2534504751027,0.004286120767614037
1752.463153836638,0.0014747423340089267
1752.6732770667513,0.0017633699457015864
1752.8832533428624,0.001729999888269443
1753.0931876321158,0.003665574883235233
1753.303121921369,0.001669913138239587
1753.5130562106224,1.0496714462662439e-05
1753.7229904998756,1.0496714462662439e-05
1753.9327988285552,0.0016974160666952556
1754.1428590783821,1.0496714462662439e-05
1754.3527933676353,0.004285823943498929
1754.5627276568885,0.006026206858942085
1754.6634961157301,1.0496714462662439e-05
1754.7726619461419,0.005188561359665562
1754.8734304049833,1.0496714462662439e-05
1754.982029412814,0.005014507515139565
1755.0833646942367,1.0496714462662439e-05
1755.1883318388632,1.0496714462662439e-05
1755.2932989834899,1.0496714462662439e-05
1755.3982661281166,1.0496714462662439e-05
1755.503233272743,1.0496714462662439e-05
1755.6096909508235,0.004652015513421327
1755.7131675619964,1.0496714462662439e-05
1755.8181557000519,1.0496714462662439e-05
1755.9231018512496,1.0496714462662439e-05
1756.0280689958763,1.0496714462662439e-05
1756.1330361405028,1.0496714462662439e-05
1756.2380032851295,1.0496714462662439e-05
1756.3429704297562,1.0496714462662439e-05
1756.4479375743826,1.0496714462662439e-05
1756.5529047190093,1.0496714462662439e-05
1756.657871863636,1.0496714462662439e-05
1756.7628390082625,1.0496714462662439e-05
1756.8678061528892,1.0496714462662439e-05
1756.972773297516,1.0496714462662439e-05
1757.0777404421424,1.0496714462662439e-05
1757.182707586769,1.0496714462662439e-05
1757.2876747313958,1.0496714462662439e-05
1757.3926418760223,1.0496714462662439e-05
1757.497609020649,1.0496714462662439e-05
1757.6025761652757,1.0496714462662439e-05
1757.7111541796774,0.006161240012784631
1757.8125104545288,1.0496714462662439e-05
1757.9213823769355,0.0033390807136074565
1758.0224447437822,1.0496714462662439e-05
1758.131526600478,0.0027011788391593764
1758.2323790330354,1.0496714462662439e-05
1758.3415448634469,0.0018796986714392373
1758.4423133222886,1.0496714462662439e-05
1758.5514791527003,0.012494950684915946
1758.652247611542,1.0496714462662439e-05
1758.7614134419534,0.005092336441722201
1758.8662546260066,0.005261443009824014
1758.9713477312068,1.0496714462662439e-05
1759.074950302953,0.007334571799234568
1759.18128202046,1.0496714462662439e-05
1759.285073533067,0.00602454372426809
1759.391027368853,0.0018827906591015176
1759.4961834543399,1.0496714462662439e-05
1759.6011505989666,0.01766376173285292
1759.706117743593,1.0496714462662439e-05
1759.8110848882197,0.0034016450828438945
1759.9155271971233,0.004274876657315851
1760.021019177473,0.011520127148176552
1760.1256714206656,0.0036676232513352925
1760.2309534667263,1.0496714462662439e-05
1760.3358156442082,0.0036132130308253207
1760.4408877559795,1.0496714462662439e-05
1760.5445533080128,0.005544362302041932
1760.6505071437987,0.002804881287167396
1760.7531230243858,0.0035810047606200557
1760.8606303739125,0.004294459354223816
1760.9615247933275,1.0496714462662439e-05
1761.0706906237392,1.0496714462662439e-05
1761.171459082581,1.0496714462662439e-05
1761.2806249129924,0.0031153996016022546
1761.381393371834,1.0496714462662439e-05
1761.4905592022458,0.012492954389150391
1761.5913276610872,1.0496714462662439e-05
1761.6997587214867,0.006919790524294834
1761.8012619503406,1.0496714462662439e-05
1761.906229094967,1.0496714462662439e-05
1762.0111962395938,1.0496714462662439e-05
1764.7403419998861,1.0496714462662439e-05
1764.8453091445126,1.0496714462662439e-05
1764.9502762891393,1.0496714462662439e-05
1765.055243433766,1.0496714462662439e-05
1765.1602105783925,1.0496714462662439e-05
1765.2693764088042,0.004115358636104663
1765.3701448676459,1.0496714462662439e-05
1765.4768124800153,0.006087388967205518
1765.580079156899,1.0496714462662439e-05
1765.688384256725,0.008242500339451201
1765.7903283475862,0.004596650801391912
1765.899179276564,1.0496714462662439e-05
1765.9999477354056,1.0496714462662439e-05
1766.109113565817,1.0496714462662439e-05
1766.2098820246588,1.0496714462662439e-05
1766.318879907639,0.0025344686827582738
1766.419816313912,1.0496714462662439e-05
1766.5289821443237,1.0496714462662439e-05
1766.629813583452,0.004580480120238926
1766.7389164335768,0.004389169310148728
1766.8404196624308,0.0036041371306846123
1766.9488507228302,0.0050017873463825534
1767.049619181672,1.0496714462662439e-05
1767.1587850120834,0.005395166228123424
1767.259553470925,1.0496714462662439e-05
1767.3687193013366,0.021258959069497374
1767.4694877601783,1.0496714462662439e-05
1767.578359682585,0.0034266362045942598
1767.6794220494317,1.0496714462662439e-05
1767.7885248995565,0.002364865597232381
1767.8893563386848,1.0496714462662439e-05
1767.9985221690965,0.002206893330133661
1768.099290627938,1.0496714462662439e-05
1768.2084564583497,0.01249495068478726
1768.3092249171914,1.0496714462662439e-05
1768.4183907476029,1.0496714462662439e-05
1768.5191592064446,1.0496714462662439e-05
1768.6276532471306,0.006652510362184047
1768.7290934956977,1.0496714462662439e-05
1768.8377974706732,0.007104879563480714
1768.9390277849511,1.0496714462662439e-05
1769.0439949295776,1.0496714462662439e-05
1769.1489620742043,1.0496714462662439e-05
1769.253929218831,1.0496714462662439e-05
1769.3588963634575,1.0496714462662439e-05
1769.463905494942,0.007494166822013197
1769.5688306527109,1.0496714462662439e-05
1769.6737977973373,1.0496714462662439e-05
1769.778764941964,1.0496714462662439e-05
1769.8837320865907,1.0496714462662439e-05
1769.9886992312172,1.0496714462662439e-05
1770.093666375844,1.0496714462662439e-05
1770.1986335204706,1.0496714462662439e-05
1770.303600665097,1.0496714462662439e-05
1770.4085678097238,1.0496714462662439e-05
1770.5160961526794,0.007210012397809902
1770.618502098977,1.0496714462662439e-05
1770.7276679293886,0.007068796346768369
1770.8284363882303,1.0496714462662439e-05
1770.9376022186418,0.0026226043121383136
1771.0383706774835,1.0496714462662439e-05
1771.1475365078952,0.012492954389140342
1771.2484309273102,0.0021177542963429874
1771.3574707971484,0.00490084484785339
1771.45823925599,1.0496714462662439e-05
1771.5669852178232,0.00296728786811488
1771.6681735452432,1.0496714462662439e-05
1771.7771084479368,0.003759473896611168
1771.9872736649081,0.0047761609632691986
1772.1972079541615,0.008166915386447737
1772.4071422434147,0.004141370345782651
1772.6170765326679,1.0496714462662439e-05
1772.8270108219212,1.0496714462662439e-05
1773.0369451111744,0.01753458890200016
1773.246795426712,0.0012046245131920531
1773.456792696252,0.0014876327672840974
1777.8654337639991,0.0028144363754155684
1778.0753680532523,0.001531576721009959
1778.2853023425057,1.0496714462662439e-05
1778.4952366317589,1.0496714462662439e-05
1778.7050239670095,0.0016371593158877112
1778.9151052102654,1.0496714462662439e-05
1779.1250394995186,0.0044844621487072
1779.3349737887718,0.006152260152664453
1779.5449080780252,1.0496714462662439e-05
1779.6456765368666,1.0496714462662439e-05
1779.7543385249842,0.003004411241181396
1779.85561082612,1.0496714462662439e-05
1779.9644827485265,0.0032861400814883667
1780.0655451153732,1.0496714462662439e-05
1780.1746269720693,0.003095882185514516
1780.2754794046264,1.0496714462662439e-05
1780.384645235038,0.0019123349921757369
1780.4854136938798,1.0496714462662439e-05
1780.5933619054138,0.0041181665361573454
1780.695347983133,1.0496714462662439e-05
1780.8007140029092,0.006384505248756197
1780.9054292263886,0.0025090717589042054
1781.0102494170128,1.0496714462662439e-05
1781.1152165616395,1.0496714462662439e-05
1781.2201837062662,1.0496714462662439e-05
1781.3251508508927,1.0496714462662439e-05
1781.4301179955194,1.0496714462662439e-05
1781.535085140146,1.0496714462662439e-05
1781.6400522847725,1.0496714462662439e-05
1781.7450194293992,1.0496714462662439e-05
1781.849986574026,1.0496714462662439e-05
1781.9549537186524,1.0496714462662439e-05
1782.059920863279,1.0496714462662439e-05
1782.1648880079058,1.0496714462662439e-05
1782.2698551525323,1.0496714462662439e-05
1782.374822297159,1.0496714462662439e-05
1782.4797894417857,1.0496714462662439e-05
1782.5847565864121,1.0496714462662439e-05
1782.6935235416743,0.0057420100373319705
1782.7946908756655,1.0496714462662439e-05
1782.9036887586456,0.006463667548520908
1783.0046251649187,1.0496714462662439e-05
1783.1137909953304,0.005124762155364557
1783.2145594541719,1.0496714462662439e-05
1783.3237252845836,0.0024047173141809814
1783.4244937434253,1.0496714462662439e-05
1783.5336595738368,0.012492954389165707
1783.6344280326784,1.0496714462662439e-05
1783.7435938630902,0.005301332306338462
1783.8443623219316,1.0496714462662439e-05
1783.9535281523433,1.0496714462662439e-05
1784.054338598043,0.0034961990717713586
1784.1632525073073,0.002201042303949587
1784.2646297755878,0.004870123572719085
1784.37339673085,0.002990130665823372
1784.477608112035,0.004116690103831407
1784.583331020103,0.0060237463313575195
1784.6877523355777,0.0040510651939363465
1784.7932653093562,0.004392626559539732
1784.8978965591202,0.005474733048717197
1785.0031995986096,1.0496714462662439e-05
1785.1080197892338,0.004246511990569745
1785.2131338878628,1.0496714462662439e-05
1785.3152249327268,0.0035312466073393104
1785.4227322822533,0.0027298007898481328
1785.5238366359577,1.0496714462662439e-05
1785.6327715386512,0.011164436295388264
1785.733770925211,1.0496714462662439e-05
1785.8387380698375,1.0496714462662439e-05
1785.9437052144642,1.0496714462662439e-05
1786.048672359091,1.0496714462662439e-05
1786.1536395037174,1.0496714462662439e-05
1786.258606648344,1.0496714462662439e-05
1786.3636157798287,0.0031843110847418134
1786.4719208796541,0.00595290841712953
1786.573508082224,1.0496714462662439e-05
1786.6784752268507,1.0496714462662439e-05
1786.7834423714771,1.0496714462662439e-05
1786.8922933004549,0.005056718764231002
1786.9933766607305,1.0496714462662439e-05
1790.6672267226622,1.0496714462662439e-05
1790.772193867289,1.0496714462662439e-05
1790.8771610119156,1.0496714462662439e-05
1790.982128156542,1.0496714462662439e-05
1791.0870953011688,1.0496714462662439e-05
1791.4019967350487,1.0496714462662439e-05
1791.5069638796754,1.0496714462662439e-05
1791.6119310243018,1.0496714462662439e-05
1791.7168981689285,1.0496714462662439e-05
1791.8218653135552,1.0496714462662439e-05
1791.9268324581817,1.0496714462662439e-05
1792.0317996028084,1.0496714462662439e-05
1792.136766747435,1.0496714462662439e-05
1792.2417338920616,1.0496714462662439e-05
1792.3505428341816,0.005160744363688644
1792.451668181315,1.0496714462662439e-05
1792.560708051153,0.008285653200446564
1792.6616024705681,1.0496714462662439e-05
1792.7707683009799,0.001650695268246752
1792.8715367598213,1.0496714462662439e-05
1792.980702590233,0.012494950684777387
1793.0814710490747,1.0496714462662439e-05
1793.1906368794862,0.002302240552606865
1793.2914053383279,1.0496714462662439e-05
1793.4005711687396,1.0496714462662439e-05
1793.501339627581,1.0496714462662439e-05
1793.6105054579928,1.0496714462662439e-05
1793.7112739168344,1.0496714462662439e-05
1793.8202717998145,0.0011359533087220634
1793.9212082060876,1.0496714462662439e-05
1794.0303740364993,0.01766376173136581
1794.1311424953408,1.0496714462662439e-05
1794.2403083257525,0.0013296945941827884
1794.341118771452,0.0019191910741598473
1794.5512629949944,0.0018269012380353108
1794.7615961593974,0.0016335170913389378
1794.970879652354,1.0496714462662439e-05
1795.180813941607,1.0496714462662439e-05
1795.3907482308605,1.0496714462662439e-05
1795.6007874872582,0.0019241745030456924
1795.8109317108008,0.0018904589233258572
1796.0210759343433,0.0019245126903673802
1796.2312411513146,0.001986778717915519
1796.4404196771266,1.0496714462662439e-05
1796.65035396638,1.0496714462662439e-05
1796.8602882556331,1.0496714462662439e-05
1797.0704324791755,0.0019461660082818143
1797.2805767027182,0.0019927478445710897
1797.4907209262606,0.0017202440023555835
1797.700025412646,1.0496714462662439e-05
1797.9099597018994,1.0496714462662439e-05
1798.1198939911526,1.0496714462662439e-05
1798.3298282804058,1.0496714462662439e-05
1798.5398675368037,0.002167781833387782
1798.7500117603463,0.0020969549976591864
1798.858862689324,0.0019280031984586726
1798.9596311481655,1.0496714462662439e-05
1799.0687969785772,0.0022768171504667593
1799.169565437419,1.0496714462662439e-05
1799.2787312678306,0.0013916579351499264
1799.379499726672,1.0496714462662439e-05
1799.4886445636548,0.0015687944034984559
1799.5894340159255,1.0496714462662439e-05
1799.698599846337,0.0018204405114587915
1799.7993683051786,1.0496714462662439e-05
1799.9085341355903,0.0023601854035612637
1800.0093025944318,1.0496714462662439e-05
1800.1184684248435,0.0026482050848453567
1800.2192368836852,1.0496714462662439e-05
1800.3284027140967,1.0496714462662439e-05
1800.4291711729384,1.0496714462662439e-05
1803.4732183671103,1.0496714462662439e-05
1803.578185511737,1.0496714462662439e-05
1803.6831946432217,0.013904877991565062
1803.7881198009904,1.0496714462662439e-05
1803.893086945617,1.0496714462662439e-05
1803.9980540902436,1.0496714462662439e-05
1804.1030212348703,1.0496714462662439e-05
1804.2079883794968,1.0496714462662439e-05
1804.3129555241235,1.0496714462662439e-05
1804.4179226687502,1.0496714462662439e-05
1804.5228898133767,1.0496714462662439e-05
1804.6278569580033,1.0496714462662439e-05
1804.73282410263,1.0496714462662439e-05
1804.8377912472565,1.0496714462662439e-05
1804.9427583918832,1.0496714462662439e-05
1805.04772553651,1.0496714462662439e-05
1805.1526926811364,1.0496714462662439e-05
1805.257659825763,1.0496714462662439e-05
1805.3626269703898,1.0496714462662439e-05
1805.4675941150163,1.0496714462662439e-05
1805.572561259643,1.0496714462662439e-05
1805.6776333714142,0.002728080746668894
1805.7824955488961,1.0496714462662439e-05
1805.8874626935228,1.0496714462662439e-05
1805.9924298381495,1.0496714462662439e-05
1806.097396982776,1.0496714462662439e-05
1806.2023641274027,1.0496714462662439e-05
1806.3073312720294,1.0496714462662439e-05
1806.4122984166559,1.0496714462662439e-05
1806.5172655612826,1.0496714462662439e-05
1806.6222327059093,1.0496714462662439e-05
1806.7271998505357,1.0496714462662439e-05
1806.8321669951624,1.0496714462662439e-05
1806.9371341397891,1.0496714462662439e-05
1807.0421012844156,1.0496714462662439e-05
1807.1470684290423,1.0496714462662439e-05
1807.252035573669,1.0496714462662439e-05
1807.3570027182955,1.0496714462662439e-05
1807.4619698629222,1.0496714462662439e-05
1807.5669370075489,1.0496714462662439e-05
1807.6719041521753,1.0496714462662439e-05
1807.776871296802,1.0496714462662439e-05
1807.8832869880246,0.004312399639999133
1808.0919196846844,0.00569275246874406
1808.1967398753086,1.0496714462662439e-05
1808.3017070199353,1.0496714462662439e-05
1808.4067581382774,0.0024992571736183813
1808.5116413091885,1.0496714462662439e-05
1808.6166084538152,1.0496714462662439e-05
1808.7215755984416,1.0496714462662439e-05
1808.8265427430683,1.0496714462662439e-05
1808.931509887695,1.0496714462662439e-05
1809.0364770323215,1.0496714462662439e-05
1809.1414441769482,1.0496714462662439e-05
1809.246411321575,1.0496714462662439e-05
1809.3513784662014,1.0496714462662439e-05
1809.456345610828,1.0496714462662439e-05
1809.5613127554548,1.0496714462662439e-05
1809.6662799000812,1.0496714462662439e-05
1809.771247044708,1.0496714462662439e-05
1809.8762141893346,1.0496714462662439e-05
1809.981181333961,1.0496714462662439e-05
1810.0861484785878,1.0496714462662439e-05
1810.1911156232145,1.0496714462662439e-05
1810.296082767841,1.0496714462662439e-05
1810.4010499124677,1.0496714462662439e-05
1810.5060170570944,1.0496714462662439e-05
1810.6109842017208,1.0496714462662439e-05
1810.7159513463475,1.0496714462662439e-05
1810.8209184909742,1.0496714462662439e-05
1810.9258856356007,1.0496714462662439e-05
1811.0308527802274,1.0496714462662439e-05
1811.1358829051408,0.002326700380806597
1811.2407870694806,1.0496714462662439e-05
1811.3457542141073,1.0496714462662439e-05
1811.450721358734,1.0496714462662439e-05
1811.5556885033604,1.0496714462662439e-05
1811.6606556479871,1.0496714462662439e-05
1811.7656227926138,1.0496714462662439e-05
1811.8705899372403,1.0496714462662439e-05
1811.975557081867,1.0496714462662439e-05
1812.0805242264937,1.0496714462662439e-05
1812.1854913711204,1.0496714462662439e-05
1812.2935865366567,0.00401080209013917
1812.3954256603736,1.0496714462662439e-05
1812.5037307601992,0.004187699318285342
1812.6053599496267,1.0496714462662439e-05
1812.7108099431186,0.0031879553560069237
1812.8152942388801,1.0496714462662439e-05
1812.9202613835066,1.0496714462662439e-05
1813.0252285281333,1.0496714462662439e-05
1813.1301956727598,1.0496714462662439e-05
1813.2351628173865,1.0496714462662439e-05
1813.3401299620132,1.0496714462662439e-05
1813.4450971066399,1.0496714462662439e-05
1813.5500642512663,1.0496714462662439e-05
1842.5251948539997,0.0019320078646002446
1842.6259633128413,1.0496714462662439e-05
1842.735129143253,1.0496714462662439e-05
1842.8358976020945,1.0496714462662439e-05
1842.9450634325062,1.0496714462662439e-05
1843.045831891348,1.0496714462662439e-05
1843.1549977217594,1.0496714462662439e-05
1843.255766180601,1.0496714462662439e-05
1843.3648060504393,0.0021174983963835763
1843.4657004698543,1.0496714462662439e-05
1843.574866300266,1.0496714462662439e-05
1843.6756347591077,1.0496714462662439e-05
1843.7848005895194,0.002685864998406466
1843.8855690483608,1.0496714462662439e-05
1843.9947348787725,1.0496714462662439e-05
1844.095545324472,0.0024052484373781923
1844.2046691680257,0.006016593081712304
1844.3054376268674,1.0496714462662439e-05
1844.414078621556,0.008624215368931126
1844.5153719161206,1.0496714462662439e-05
1844.6242018516696,0.005198787916518447
1844.7253062053737,1.0496714462662439e-05
1844.8315539491648,0.006091994423882865
1844.9352404946271,1.0496714462662439e-05
1845.0402076392538,1.0496714462662439e-05
1845.1451747838803,1.0496714462662439e-05
1845.250141928507,1.0496714462662439e-05
1845.3551090731337,1.0496714462662439e-05
1845.4600762177602,1.0496714462662439e-05
1845.5650433623869,1.0496714462662439e-05
1845.6700105070136,1.0496714462662439e-05
1845.77497765164,1.0496714462662439e-05
1845.8799447962667,1.0496714462662439e-05
1845.9849119408934,1.0496714462662439e-05
1846.08987908552,1.0496714462662439e-05
1846.1948462301466,1.0496714462662439e-05
1846.2998133747733,1.0496714462662439e-05
1846.4047805193998,1.0496714462662439e-05
1846.5127287309338,0.006034956639342159
1846.6147148086532,1.0496714462662439e-05
1846.7228939479053,0.004923590110289893
1846.8246700913353,1.0496714462662439e-05
1846.9330591648768,0.007420941906913623
1847.0345833871595,1.0496714462662439e-05
1847.143266368706,0.0033150281890611
1847.244517676413,1.0496714462662439e-05
1847.3534105922483,0.003142746955482361
1847.454451965666,1.0496714462662439e-05
1847.5635548157911,0.003214622166179048
1847.6643862549192,1.0496714462662439e-05
1847.773552085331,0.002760777803925148
1847.8743205441726,1.0496714462662439e-05
1847.9834863745841,0.007027145297027041
1848.0881386177768,0.0060235326478262725
1848.1934206638375,0.004020793444608017
1848.2982828413196,0.005893196391775919
1848.4033549530907,1.0496714462662439e-05
1848.5083220977174,1.0496714462662439e-05
1848.6129113606232,0.002493535059463213
1848.7171227418087,0.004753877223697917
1848.8230555841658,0.002716812493239527
1848.9272459719223,0.004435312122496566
1849.0331578208504,1.0496714462662439e-05
1849.1374111888938,0.004876858347869131
1849.2430921101036,0.007979994118705007
1849.3461488526982,0.005584122148398696
1849.453026399357,0.006162840914816596
1849.5577836096945,0.00493315806132448
1849.6629606886102,0.006080894007234288
1849.7679278332369,1.0496714462662439e-05
1849.8728949778636,0.021482689608248784
1849.9766235101833,0.005263273697833927
1850.0825773459696,0.0024546511042459478
1850.1867677337261,0.0056778489137507765
1850.292721569512,0.002448977263882091
1850.3969749375553,0.005500339242814082
1850.5026978456233,0.0018563285610223399
1850.604264054764,0.0057395787621493215
1850.7126321348765,0.012494950684713374
1850.8134005937181,1.0496714462662439e-05
1850.9225664241296,0.0034617976524841947
1851.0233348829713,1.0496714462662439e-05
1851.132500713383,1.0496714462662439e-05
1851.2332691722245,1.0496714462662439e-05
1851.3420361274866,0.0027747698672546586
1851.4432034614779,1.0496714462662439e-05
1851.5521803510292,0.002805061346987964
1851.653137750731,1.0496714462662439e-05
1851.7623035811428,1.0496714462662439e-05
1851.8630720399842,1.0496714462662439e-05
1851.972237870396,0.013323463762094727
1852.0730063292376,1.0496714462662439e-05
1852.182172159649,0.012225568834245134
1852.2829406184908,1.0496714462662439e-05
1852.3912877051744,0.005619871374835366
1852.492874907744,1.0496714462662439e-05
1852.6014739155746,0.007436051894137465
1852.7028091969974,1.0496714462662439e-05
1852.8115131719728,0.004735322375179645
1852.9127434862505,1.0496714462662439e-05
1853.021720375802,0.0057129689272412635
1853.1226777755037,1.0496714462662439e-05
1853.2276449201304,1.0496714462662439e-05
1853.332612064757,1.0496714462662439e-05
1853.4417778951688,0.005448192601225714
1853.5425463540103,1.0496714462662439e-05
1853.6507884735493,0.006306375156909339
1853.7524806432634,1.0496714462662439e-05
1853.8609326970918,0.007448033739768111
1853.9624149325168,1.0496714462662439e-05
1854.0710769206344,0.006510307736510802
1854.17234922177,1.0496714462662439e-05
1854.2812211441767,0.005439900305363084
1854.3822835110232,1.0496714462662439e-05
1854.491407354577,0.006768663609208076
1854.5922178002766,1.0496714462662439e-05
1854.6971849449033,1.0496714462662439e-05
1854.8021520895297,1.0496714462662439e-05
1856.4816893838424,0.0024835399887341036
1856.5865935481825,1.0496714462662439e-05
1856.691560692809,1.0496714462662439e-05
1856.7965278374356,1.0496714462662439e-05
1856.9014949820623,1.0496714462662439e-05
1857.0104298847557,0.003472688519682056
1857.1114292713155,1.0496714462662439e-05
1857.2205741082983,0.003646363904601716
1857.321363560569,1.0496714462662439e-05
1857.4305293909804,0.005535254356658712
1857.531297849822,1.0496714462662439e-05
1857.6404636802336,0.002581277792512157
1857.7412321390752,1.0496714462662439e-05
1857.850397969487,1.0496714462662439e-05
1857.9511664283286,1.0496714462662439e-05
1858.0603322587401,1.0496714462662439e-05
1858.1611007175818,1.0496714462662439e-05
1858.2702665479933,0.01744821241163353
1858.371035006835,1.0496714462662439e-05
1858.4800748766731,0.0026337875295406837
1858.5809692960884,1.0496714462662439e-05
1858.6901351264999,0.007845918146949078
1858.7909035853415,1.0496714462662439e-05
1858.8988937837332,0.005491794330844445
1859.1058050192214,1.0496714462662439e-05
1859.3157393084746,1.0496714462662439e-05
1859.525673597728,1.0496714462662439e-05
1859.7393867041876,0.004886564447596297
1859.9497198685904,0.0033486735825347734
1860.1596751512727,0.004873354797782781
1860.369609440526,0.0021779792627627643
1860.579543729779,1.0496714462662439e-05
1860.7894780190325,1.0496714462662439e-05
1860.9994123082856,1.0496714462662439e-05
1861.2092416303942,0.0010150641881681002
1861.4192808867922,1.0496714462662439e-05
1861.6292151760454,0.0010185177258730381
1861.8391494652988,1.0496714462662439e-05
1862.049083754552,0.0019974560626917124
1862.259018043805,0.0037771438560303024
1862.4689523330585,0.002642924670371536
1862.6788446354537,0.0021407407456421434
1862.8888209115648,0.0028457430393551216
1863.0987552008182,0.008642338805784968
1863.3086894900714,0.009569005989004582
1863.5180359633148,0.002866039944523911
1863.7280752197128,0.005280221963854408
1863.938282423542,0.004493630618402347
1864.1483426733687,0.006235063852634532
1864.3583609363377,0.004885877399212315
1864.5682952255909,0.007453177086266665
1864.778229514844,0.003273577203228804
1864.9881638040974,1.0496714462662439e-05
1865.1980980933506,1.0496714462662439e-05
1865.4080113891748,0.0012824037224395141
1865.6179666718572,0.001977182285200896
1865.8279009611103,0.004043785391676615
1866.0378352503635,0.0025302440982013846
1866.247769539617,1.0496714462662439e-05
1866.45770382887,1.0496714462662439e-05
1866.6674701706918,0.0028049062395204675
1866.8775724073766,0.019365823204771457
1867.0875066966298,0.009288129261829741
1867.1882751554715,1.0496714462662439e-05
1867.297440985883,0.007681254786352065
1867.3982304381536,1.0496714462662439e-05
1867.5073752751364,0.004970830512767826
1867.608143733978,1.0496714462662439e-05
1867.7173095643896,0.04938511924929724
1867.8180780232312,1.0496714462662439e-05
1867.9269709390667,0.001870346411165452
1868.0280123124844,1.0496714462662439e-05
1868.1371361560382,0.002106881537540603
1868.2379466017378,1.0496714462662439e-05
1868.3471124321493,0.001425937314651671
1868.447880890991,1.0496714462662439e-05
1868.5570467214027,0.01249693193517108
1868.6578151802441,1.0496714462662439e-05
1868.7669810106559,0.0034300359902618063
1870.6560117322144,0.0057353497286708474
1870.7571580727767,1.0496714462662439e-05
1870.8662189360439,0.004117095533187086
1870.96709236203,1.0496714462662439e-05
1871.0762581924416,0.0023888947997340133
1871.177026651283,1.0496714462662439e-05
1871.2861924816948,0.004560066981530923
1871.3869609405365,1.0496714462662439e-05
1871.4961267709482,0.004122201293217736
1871.5968952297897,1.0496714462662439e-05
1871.7060610602014,1.0496714462662439e-05
1871.8068295190428,1.0496714462662439e-05
1871.9159953494545,1.0496714462662439e-05
1872.0167638082962,1.0496714462662439e-05
1872.1257406978477,0.0024994235991923257
1872.2266980975494,1.0496714462662439e-05
1872.335863927961,0.017663761732766545
1872.4366323868026,1.0496714462662439e-05
1872.5457982172143,1.0496714462662439e-05
1872.646566676056,1.0496714462662439e-05
1872.7557325064677,0.012506753346693355
1872.8565009653091,1.0496714462662439e-05
1872.9648480519927,0.006923473591910428
1873.0664352545625,1.0496714462662439e-05
1873.1749922755353,0.006282691461600305
1873.2763695438157,1.0496714462662439e-05
1873.3851364990778,0.005191602370420938
1873.4863038330689,1.0496714462662439e-05
1873.5952807226204,0.007242176752428021
1873.6962381223223,1.0496714462662439e-05
1873.8054039527337,0.007361505454861017
1873.9061724115754,1.0496714462662439e-05
1874.0153382419871,0.0028114089705605083
1874.1161067008286,1.0496714462662439e-05
1874.2252725312403,0.01249295438919891
1874.326040990082,1.0496714462662439e-05
1874.4344720504812,0.005720544974203687
1874.5359752793352,1.0496714462662439e-05
1874.6446162740237,0.007581354729734599
1874.7459095685883,1.0496714462662439e-05
1874.8548654647109,0.0031424223866265075
1874.9558438578417,1.0496714462662439e-05
1875.0650096882532,0.015558608543311614
1875.165778147095,1.0496714462662439e-05
1875.2749439775066,0.006262156519486066
1875.375712436348,1.0496714462662439e-05
1875.4848782667598,0.00789608562534108
1875.5856467256015,1.0496714462662439e-05
1875.694812556013,1.0496714462662439e-05
1875.7955810148546,1.0496714462662439e-05
1875.9047468452663,1.0496714462662439e-05
1876.005515304108,1.0496714462662439e-05
1876.1143452396568,0.0033899161165764106
1876.2154495933612,1.0496714462662439e-05
1876.3243635026256,0.002907749540178446
1876.4253838826144,1.0496714462662439e-05
1876.534549713026,0.0050130300722354346
1876.6353181718678,1.0496714462662439e-05
1876.7444840022793,0.0028086766392327474
1876.845252461121,1.0496714462662439e-05
1876.9544182915324,0.013030318514055932
1877.055186750374,1.0496714462662439e-05
1877.1636178107735,0.008059651658181352
1877.2651210396275,1.0496714462662439e-05
1877.3738460080315,0.003820266130981146
1877.4750553288807,1.0496714462662439e-05
1877.5839902315743,0.003534216096113682
1877.6849896181338,1.0496714462662439e-05
1877.7941554485456,0.002591187252349406
1877.8949239073872,1.0496714462662439e-05
1878.0040897377987,0.008143586648185229
1878.1048581966404,1.0496714462662439e-05
1878.2140240270521,0.0055485249053377535
1878.3147924858936,1.0496714462662439e-05
1878.4239583163053,1.0496714462662439e-05
1878.524726775147,1.0496714462662439e-05
1878.6338926055585,1.0496714462662439e-05
1878.7346610644001,1.0496714462662439e-05
1878.8434909999492,0.002735065127287807
1878.9445953536533,1.0496714462662439e-05
1879.0536352234915,0.0026288417716819243
1879.1545296429067,1.0496714462662439e-05
1879.2636954733182,0.020897651175692374
1879.3644639321599,1.0496714462662439e-05
1879.4736297625716,0.0032847849458774144
1879.574398221413,1.0496714462662439e-05
1879.6835640518248,1.0496714462662439e-05
1879.7843325106664,1.0496714462662439e-05
1879.893498341078,0.0074627249964251685
1879.9942667999196,1.0496714462662439e-05
1880.1034326303313,0.006862351708300938
1880.2042010891728,1.0496714462662439e-05
1880.3131149984374,0.003287482519320835
1880.4141353784262,1.0496714462662439e-05
1880.5232172351223,0.006909519977846283
1880.6240696676794,1.0496714462662439e-05
1880.7319339054977,0.005169356861799173
1880.8340039569325,1.0496714462662439e-05
1880.9389711015592,1.0496714462662439e-05
1881.043938246186,1.0496714462662439e-05
1881.1489053908126,1.0496714462662439e-05
1881.253872535439,1.0496714462662439e-05
1881.3588396800658,1.0496714462662439e-05
1881.4638068246923,1.0496714462662439e-05
1881.568773969319,1.0496714462662439e-05
1881.6737411139457,1.0496714462662439e-05
1881.7787082585724,1.0496714462662439e-05
1881.8836754031988,1.0496714462662439e-05
1881.9886425478255,1.0496714462662439e-05
1882.0936096924522,1.0496714462662439e-05
1882.2015159171283,0.006822737068455413
1882.3035439817054,1.0496714462662439e-05
1882.412709812117,0.01232102882802809
1882.5135202578165,0.002055587112411946
1882.621909331358,0.007475067507848902
1882.723412560212,1.0496714462662439e-05
1882.8319695811847,0.004043005419690279
1882.9333468494651,1.0496714462662439e-05
1883.0421557915852,0.005917190842774324
1883.1432811387183,1.0496714462662439e-05
1883.2523839888433,0.004091641335033833
1883.3532154279717,1.0496714462662439e-05
1883.4623812583832,0.0025683462659789576
1883.5631497172249,1.0496714462662439e-05
1883.6723155476366,0.021784113118730915
1883.8822498368897,0.004326288557940132
1885.5617241509158,1.0496714462662439e-05
1885.771658440169,1.0496714462662439e-05
1885.9815507425642,0.0014583304818501484
1886.1915270186755,0.002580985925664256
1886.4014613079287,0.005214052533604313
1886.611395597182,0.00396290010516376
1886.8213298864353,1.0496714462662439e-05
1887.0312641756884,1.0496714462662439e-05
1887.2410305175104,0.0015931434723260363
1887.451132754195,1.0496714462662439e-05
1887.6610670434482,0.0019446336453833781
1887.8710013327016,0.0031780039436534236
1888.0809356219547,0.003730445842822884
1888.290869911208,1.0496714462662439e-05
1888.5008042004613,1.0496714462662439e-05
1888.7106965028565,0.0011887229227008959
1888.9206727789676,0.0009722019077381109
1889.130607068221,0.010974785067202125
1889.3405413574742,0.0013644894488418706
1889.5504756467276,1.0496714462662439e-05
1889.7604099359808,1.0496714462662439e-05
1889.9701972712314,0.0017494527560070264
1890.1802785144873,1.0496714462662439e-05
1890.3902128037405,0.00449454433655887
1890.6001470929937,0.0076893914468592044
1890.810081382247,1.0496714462662439e-05
1891.019511829206,0.002643023248393247
1891.2296560527484,0.0026299626621375622
1891.4398002762912,0.0028633718410561266
1891.5406527088483,1.0496714462662439e-05
1891.64981853926,0.0022380184441935665
1891.7505869981017,1.0496714462662439e-05
1891.8597528285131,0.012494950684664184
1891.9605212873548,1.0496714462662439e-05
1892.0696871177665,0.01641006801495256
1892.1706025306105,0.0020732612512909627
1892.278928623865,0.004918846654191141
1892.3803898658614,1.0496714462662439e-05
1892.4853570104879,1.0496714462662439e-05
1892.5903241551146,1.0496714462662439e-05
1892.6952912997413,1.0496714462662439e-05
1892.8002584443677,1.0496714462662439e-05
1892.9052255889944,1.0496714462662439e-05
1893.0101927336211,1.0496714462662439e-05
1893.1151598782476,1.0496714462662439e-05
1893.2201270228743,1.0496714462662439e-05
1893.325094167501,1.0496714462662439e-05
1893.4300613121275,1.0496714462662439e-05
1893.5350284567542,1.0496714462662439e-05
1893.6399956013809,1.0496714462662439e-05
1893.7449627460073,1.0496714462662439e-05
1893.849929890634,1.0496714462662439e-05
1893.9548970352607,1.0496714462662439e-05
1894.0598641798874,1.0496714462662439e-05
1894.1659649696758,0.00482990505039312
1894.2697984691406,1.0496714462662439e-05
1894.3775997266719,0.0051623341531174425
1894.4797327583938,1.0496714462662439e-05
1894.584867850452,0.005059888041686578
1894.6896670476472,1.0496714462662439e-05
1894.7988328780586,0.01249295438921847
1894.899685310616,0.002798776697650411
1895.0087671673118,0.008447281436876047
1895.1095356261535,1.0496714462662439e-05
1895.2182815879867,0.0026438214376697123
1895.319469915407,1.0496714462662439e-05
1895.4284258115292,0.0027619557202928466
1895.52940420466,1.0496714462662439e-05
1895.6385700350718,0.01766376173334355
1895.7393384939132,1.0496714462662439e-05
1895.848504324325,0.017907858452369054
1895.9492727831666,1.0496714462662439e-05
1896.0584386135781,0.015130841939328874
1896.1592070724198,1.0496714462662439e-05
1896.2683729028315,1.0496714462662439e-05
1896.369141361673,1.0496714462662439e-05
1896.477677389217,0.004617216101908379
1896.5790756509264,1.0496714462662439e-05
1896.6864360464504,0.004534887496412441
1896.7890099401795,1.0496714462662439e-05
1896.8939770848062,1.0496714462662439e-05
1896.9989442294327,1.0496714462662439e-05
1897.1052549535107,0.00604038940263035
1897.208878518686,1.0496714462662439e-05
1897.3138456633126,1.0496714462662439e-05
1897.4188128079393,1.0496714462662439e-05
1897.5239688934262,0.004167780773172844
1897.628810077479,0.002467703614897275
1897.7371781575919,0.004508773952456144
1930.3784962206994,1.0496714462662439e-05
1930.4834633653259,1.0496714462662439e-05
1930.5884305099526,1.0496714462662439e-05
1930.6933976545793,1.0496714462662439e-05
1930.9033319438324,1.0496714462662439e-05
1931.1132662330856,1.0496714462662439e-05
1931.323200522339,1.0496714462662439e-05
1931.5331348115922,1.0496714462662439e-05
1931.743216054848,0.0032011498346396113
1931.9572020758837,0.005882697998693822
1932.167136365137,1.0496714462662439e-05
1932.3770706543903,1.0496714462662439e-05
1932.5869629567856,0.0012588505958797795
1932.7969392328966,0.001043750062813209
1933.00687352215,0.007640421221663443
1933.2168078114032,0.001120567893739694
1934.0565449684161,1.0496714462662439e-05
1934.8962821254293,0.029915303338408143
1935.1062164146824,1.0496714462662439e-05
1935.7328912615324,0.01350406534976907
1936.365822150202,1.0496714462662439e-05
1936.5755884920238,0.0014183240479668409
1936.7856907287085,1.0496714462662439e-05
1936.9956250179616,0.001974860076085466
1937.205559307215,0.009628466779834222
1937.4154935964682,1.0496714462662439e-05
1937.6254278857214,0.01622046163036734
1937.8353621749748,1.0496714462662439e-05
1937.9361306338162,1.0496714462662439e-05
1938.0452124905123,0.0020478743223926337
1938.1460649230696,1.0496714462662439e-05
1938.255230753481,0.002970389293387517
1938.3559992123228,1.0496714462662439e-05
1938.4651650427345,0.0024354496623839868
1938.565933501576,1.0496714462662439e-05
1938.6750993319877,0.012492954389209738
1938.775951764545,0.001949715101118418
1938.8842988512286,0.005658230343262498
1938.9858020800825,1.0496714462662439e-05
1939.0945270484867,0.004238107924072875
1939.195736369336,1.0496714462662439e-05
1939.3046082917424,0.00443133403980999
1939.405670658589,1.0496714462662439e-05
1939.5148364890006,0.012369475479158759
1939.6156049478423,1.0496714462662439e-05
1939.724770778254,1.0496714462662439e-05
1939.8255392370957,1.0496714462662439e-05
1939.9347050675071,0.011131975793348297
1940.0354735263488,1.0496714462662439e-05
1940.1446393567603,1.0496714462662439e-05
1940.245407815602,1.0496714462662439e-05
1940.3545736460137,1.0496714462662439e-05
1940.4553421048554,1.0496714462662439e-05
1940.5641720404042,0.0031657188076771735
1940.6694750798936,0.006377109640111503
1940.7743582508044,0.0018256899857146296
1945.178989573627,0.008422319251386092
1945.2838307576799,1.0496714462662439e-05
1945.3887979023066,1.0496714462662439e-05
1945.4937650469333,1.0496714462662439e-05
1945.59873219156,1.0496714462662439e-05
1945.7036993361864,1.0496714462662439e-05
1945.8086664808131,1.0496714462662439e-05
1945.9136336254396,1.0496714462662439e-05
1946.0186007700663,1.0496714462662439e-05
1946.123567914693,1.0496714462662439e-05
1946.2325028173866,0.007148019150148508
1946.3335022039462,1.0496714462662439e-05
1946.442668034358,1.0496714462662439e-05
1946.5439823223517,0.003250659537858947
1946.652602323611,0.003115156726950134
1946.7542944933255,0.004299154320106145
1946.8625366128645,1.0496714462662439e-05
1946.963305071706,1.0496714462662439e-05
1947.0724709021176,0.02458958218355175
1947.1732393609593,1.0496714462662439e-05
1947.383341597644,0.004826145165468595
1947.492087559477,0.002791201992287219
1947.5931079394659,1.0496714462662439e-05
1947.7022317830194,0.0029838571792813627
1947.803042228719,1.0496714462662439e-05
1947.9122080591305,0.0031526936178429762
1948.0129765179722,1.0496714462662439e-05
1948.122142348384,0.010255019693055919
1948.2229108072256,1.0496714462662439e-05
1948.332076637637,0.005683744208931557
1948.4328450964788,1.0496714462662439e-05
1948.5414231108805,0.0037184173877893127
1948.642779385732,1.0496714462662439e-05
1948.7514833607074,0.005757093182618758
1948.8527136749854,1.0496714462662439e-05
1948.9616485776787,0.004277820053930775
1949.0626479642385,1.0496714462662439e-05
1949.167615108865,1.0496714462662439e-05
1949.2725822534917,1.0496714462662439e-05
1949.3775493981184,1.0496714462662439e-05
1949.482516542745,1.0496714462662439e-05
1949.5874836873716,1.0496714462662439e-05
1949.6924718254272,1.0496714462662439e-05
1949.7974179766247,1.0496714462662439e-05
1949.9023851212514,1.0496714462662439e-05
1950.011005122511,0.007240766221891779
1950.1123194105048,1.0496714462662439e-05
1950.2212123263403,0.00386658787585124
1950.322253699758,1.0496714462662439e-05
1950.4313565498828,0.0038611108317731808
1950.5326078575897,0.0033491725644765255
1950.6413538194229,0.003147965388537306
1950.7421222782646,1.0496714462662439e-05
1950.851288108676,0.008679283574328853
1950.953064252106,0.004207215463056394
1951.0612223979294,0.005185025359911648
1951.161990856771,1.0496714462662439e-05
1951.2711566871826,1.0496714462662439e-05
1951.3719251460243,1.0496714462662439e-05
1951.4807130947152,0.0027433204283985268
1951.5818594352775,1.0496714462662439e-05
1951.6908573182577,0.0029589521644423056
1951.7917937245306,1.0496714462662439e-05
1951.9009595549423,1.0496714462662439e-05
1952.001728013784,1.0496714462662439e-05
1952.1108938441957,0.01617642242440466
1952.2116623030372,1.0496714462662439e-05
1952.320828133449,0.005065097880357859
1952.4215965922904,1.0496714462662439e-05
1952.530762422702,0.005280013687240037
1952.6315308815438,1.0496714462662439e-05
1952.7401928696613,0.0033747135014639005
1952.841465170797,1.0496714462662439e-05
1952.9503370932036,0.0037996893006737695
1953.05139946005,1.0496714462662439e-05
1953.1604183364593,0.005176773244839267
1953.2613337493035,1.0496714462662439e-05
1953.369156000264,0.0052254700238189575
1953.4712680385567,1.0496714462662439e-05
1953.5778516772107,0.005725787605502589
1953.6812023278098,1.0496714462662439e-05
1953.7864004001547,0.0031170962703934626
1953.8911366170632,1.0496714462662439e-05
1953.9967335645576,0.005368471144580358
1954.1010709063164,1.0496714462662439e-05
1954.209753887863,0.006251277332663948
1954.3110051955696,1.0496714462662439e-05
1954.4198981114052,0.005005832011072539
1954.520939484823,1.0496714462662439e-05
1954.6301053152347,0.012078213272938228
1954.7308737740761,1.0496714462662439e-05
1954.8400396044879,0.008710127826937258
1955.8896480704675,0.0010621289229503096
1955.9904795095956,1.0496714462662439e-05
1956.0996453400073,0.0006792721514258574
1956.200413798849,1.0496714462662439e-05
1956.4104950421047,0.002143228718919801
1956.6208491999366,0.001760203054746
1956.8311823643394,0.0030116645485074455
1957.044349641647,1.0496714462662439e-05
1957.2542839309003,1.0496714462662439e-05
1957.4634834501412,0.0016490715311171247
1957.673795621115,0.001463441049185398
1957.883792890655,0.0014493605121344074
1958.0939371141976,0.0015179309078787936
1958.3039553771664,0.0042864692072288645
1958.5138896664198,0.012688662907336331
1958.7229842185159,0.0016644763577165168
1958.93329638949,0.0014342416305444339
1959.1434406130325,0.0014691403880313248
1959.3534378825725,0.0018959368319672644
1959.5635611126859,0.0013617986409868196
1959.7734954019393,0.004567845716414746
1959.9834296911924,1.0496714462662439e-05
1960.1925872235754,0.0021858502698459278
1960.402752440547,0.0018270092956597646
1960.6128966640895,0.0016925646285759909
1960.8230618810608,0.0013340944588252337
1961.0331011374587,1.0496714462662439e-05
1961.243035426712,0.007233619712534269
1961.4521089853793,0.001922337255337799
1961.6606577083235,0.0012351133293072127
1961.8691434509808,0.0022753217421504377
1962.0791407205209,0.0025265049100886925
1962.2885081871932,1.0496714462662439e-05
1962.4984424764464,1.0496714462662439e-05
1962.7083767656995,1.0496714462662439e-05
1962.918311054953,1.0496714462662439e-05
1963.128245344206,1.0496714462662439e-05
1963.2374111746178,0.0011960804875052944
1963.3381796334593,1.0496714462662439e-05
1963.447345463871,1.0496714462662439e-05
1963.5481139227127,1.0496714462662439e-05
1963.6572797531244,1.0496714462662439e-05
1963.7580482119658,1.0496714462662439e-05
1963.8672140423776,0.017448212413182736
1963.967982501219,1.0496714462662439e-05
1964.077064357915,0.0014853157472013766
1964.1779167904724,1.0496714462662439e-05
1964.2870616274552,0.0024351612258222428
1964.3878510797256,1.0496714462662439e-05
1964.4970169101373,0.0022519221783662757
1964.597785368979,1.0496714462662439e-05
1964.7069511993905,1.0496714462662439e-05
1964.8077196582321,1.0496714462662439e-05
1964.9168854886439,0.017446107073773892
1965.0176539474853,1.0496714462662439e-05
1965.1263159356029,0.0068529185282763284
1965.2275882367387,1.0496714462662439e-05
1965.3325553813652,1.0496714462662439e-05
1965.4375225259919,1.0496714462662439e-05
1965.5424896706186,1.0496714462662439e-05
1965.6474568152453,1.0496714462662439e-05
1965.7524239598717,1.0496714462662439e-05
1965.8573911044984,1.0496714462662439e-05
1965.962358249125,1.0496714462662439e-05
1966.0673253937516,1.0496714462662439e-05
1966.1722925383783,1.0496714462662439e-05
1966.277259683005,1.0496714462662439e-05
1966.3822268276315,1.0496714462662439e-05
1966.4871939722582,1.0496714462662439e-05
1966.5921611168847,1.0496714462662439e-05
1966.6971282615114,1.0496714462662439e-05
1966.802095406138,1.0496714462662439e-05
1966.9070625507647,1.0496714462662439e-05
1967.0120296953912,1.0496714462662439e-05
1967.116996840018,1.0496714462662439e-05
1967.2219639846444,1.0496714462662439e-05
1967.326931129271,1.0496714462662439e-05
1967.4318982738978,1.0496714462662439e-05
1967.5368654185245,1.0496714462662439e-05
1967.641832563151,1.0496714462662439e-05
1967.7467997077777,1.0496714462662439e-05
1967.8517668524041,1.0496714462662439e-05
1967.9567339970308,1.0496714462662439e-05
1968.0617011416575,1.0496714462662439e-05
1968.1666682862842,1.0496714462662439e-05
1968.2716354309107,1.0496714462662439e-05
1969.321306877177,1.0496714462662439e-05
1969.4262740218037,1.0496714462662439e-05
1969.5312411664302,1.0496714462662439e-05
1969.6362083110569,1.0496714462662439e-05
1969.7411754556836,1.0496714462662439e-05
1969.84614260031,1.0496714462662439e-05
1969.9511097449367,1.0496714462662439e-05
1970.0560768895634,1.0496714462662439e-05
1970.1610440341901,1.0496714462662439e-05
1970.2660321722456,1.0496714462662439e-05
1970.3709783234433,1.0496714462662439e-05
1970.4759454680698,1.0496714462662439e-05
1970.5809126126965,1.0496714462662439e-05
1970.6858797573232,1.0496714462662439e-05
1970.7908469019499,1.0496714462662439e-05
1970.8958140465763,1.0496714462662439e-05
1971.000781191203,1.0496714462662439e-05
1971.1057483358295,1.0496714462662439e-05
1971.2107154804562,1.0496714462662439e-05
1971.315682625083,1.0496714462662439e-05
1971.4206497697096,1.0496714462662439e-05
1971.525616914336,1.0496714462662439e-05
1971.6305840589628,1.0496714462662439e-05
1971.7355512035892,1.0496714462662439e-05
1971.840518348216,1.0496714462662439e-05
1971.9454854928426,1.0496714462662439e-05
1972.0504526374693,1.0496714462662439e-05
1972.1554197820958,1.0496714462662439e-05
1972.2603869267225,1.0496714462662439e-05
1972.365354071349,1.0496714462662439e-05
1972.4703212159757,1.0496714462662439e-05
1972.5752883606024,1.0496714462662439e-05
1972.680255505229,1.0496714462662439e-05
1972.7852226498555,1.0496714462662439e-05
1972.8901897944822,1.0496714462662439e-05
1972.9951569391087,1.0496714462662439e-05
1973.1001240837354,1.0496714462662439e-05
1973.205091228362,1.0496714462662439e-05
1973.3100583729888,1.0496714462662439e-05
1973.4150255176153,1.0496714462662439e-05
1973.519992662242,1.0496714462662439e-05
1973.6249598068687,1.0496714462662439e-05
1973.7299269514951,1.0496714462662439e-05
1973.8348940961218,1.0496714462662439e-05
1973.9398612407485,1.0496714462662439e-05
1974.044828385375,1.0496714462662439e-05
1974.1497955300017,1.0496714462662439e-05
1974.2547626746284,1.0496714462662439e-05
1974.3597298192549,1.0496714462662439e-05
1974.4646969638816,1.0496714462662439e-05
1974.5696641085083,1.0496714462662439e-05
1974.674631253135,1.0496714462662439e-05
1974.7795983977614,1.0496714462662439e-05
1974.8845655423881,1.0496714462662439e-05
1974.9895326870146,1.0496714462662439e-05
1975.0944998316413,1.0496714462662439e-05
1975.199466976268,1.0496714462662439e-05
1975.3044341208947,1.0496714462662439e-05
1975.4094012655212,1.0496714462662439e-05
1975.5143684101479,1.0496714462662439e-05
1975.6193355547744,1.0496714462662439e-05
1975.724302699401,1.0496714462662439e-05
1975.8292698440277,1.0496714462662439e-05
1975.9342369886544,1.0496714462662439e-05
1976.039204133281,1.0496714462662439e-05
1976.1441712779076,1.0496714462662439e-05
1976.249138422534,1.0496714462662439e-05
1976.3541055671608,1.0496714462662439e-05
1976.4590727117875,1.0496714462662439e-05
1976.5640398564142,1.0496714462662439e-05
1976.6690070010407,1.0496714462662439e-05
1976.7739741456674,1.0496714462662439e-05
1976.8789412902938,1.0496714462662439e-05
1976.9839084349205,1.0496714462662439e-05
1977.0888755795472,1.0496714462662439e-05
1977.1939476913185,0.0022717770047509305
1977.2988098688004,1.0496714462662439e-05
1977.403777013427,1.0496714462662439e-05
1977.5087441580536,1.0496714462662439e-05
1977.6137113026803,1.0496714462662439e-05
1977.718678447307,1.0496714462662439e-05
1977.8236455919337,1.0496714462662439e-05
1977.9286127365601,1.0496714462662439e-05
1978.0335798811868,1.0496714462662439e-05
1978.1385470258135,1.0496714462662439e-05
1978.24351417044,1.0496714462662439e-05
1978.3484813150667,1.0496714462662439e-05
1978.4534484596934,1.0496714462662439e-05
1978.5584156043199,1.0496714462662439e-05
1978.6633827489466,1.0496714462662439e-05
1978.7683498935733,1.0496714462662439e-05
1978.8733170381997,1.0496714462662439e-05
1978.9782841828264,1.0496714462662439e-05
1979.0832513274531,1.0496714462662439e-05
1979.1882394655088,1.0496714462662439e-05
1979.2931856167063,1.0496714462662439e-05
1979.398152761333,1.0496714462662439e-05
1979.5031199059595,1.0496714462662439e-05
1979.6080870505862,1.0496714462662439e-05
1979.7130541952129,1.0496714462662439e-05
1979.8222200256246,0.012492954389166632
1979.9230514647527,0.002170494774430563
1980.0321543148777,0.00675479007373142
1980.1329227737192,1.0496714462662439e-05
1980.242088604131,1.0496714462662439e-05
1980.3428570629726,1.0496714462662439e-05
1980.451833952524,0.0015982925297934722
1980.5527913522258,1.0496714462662439e-05
1980.6619571826375,0.001929083820927374
1980.762725641479,1.0496714462662439e-05
1980.8718914718906,0.0024566815492585523
1980.9726599307323,1.0496714462662439e-05
1981.081825761144,0.0013762874944382392
1981.1825942199855,1.0496714462662439e-05
1981.2917600503972,1.0496714462662439e-05
1981.3925285092387,1.0496714462662439e-05
1981.602462798492,1.0496714462662439e-05
1981.8123970877452,1.0496714462662439e-05
1982.0254593979082,0.001168293975505834
1982.2358135557402,0.0026038153853252593
2010.3634604261872,1.0496714462662439e-05
2010.5733947154404,1.0496714462662439e-05
2010.7833290046938,1.0496714462662439e-05
2010.993263293947,1.0496714462662439e-05
2011.203218576629,1.0496714462662439e-05
2011.4131318724535,1.0496714462662439e-05
2011.6230661617067,1.0496714462662439e-05
2011.8330004509598,1.0496714462662439e-05
2011.9421662813716,0.019308180484808223
2012.0429347402132,1.0496714462662439e-05
2012.152016596909,0.0010879031341101918
2012.2528690294664,1.0496714462662439e-05
2012.362013866449,0.0013405143192443602
2012.4628033187196,1.0496714462662439e-05
2012.5719691491313,0.0013081633424876036
2012.672737607973,1.0496714462662439e-05
2012.7819034383845,1.0496714462662439e-05
2012.8827348775128,0.0021375254911278857
2012.9918377276376,0.003256976874213158
2013.0926061864793,1.0496714462662439e-05
2013.201772016891,0.004901742874131106
2013.3025404757327,1.0496714462662439e-05
2013.411475378426,0.0017466152116272554
2013.5124747649859,1.0496714462662439e-05
2013.6216196019684,0.0022322320139116867
2013.722409054239,1.0496714462662439e-05
2013.8315748846508,0.00541451956921728
2013.9323433434924,1.0496714462662439e-05
2014.0404385090287,0.004355245316847711
2014.1422776327456,1.0496714462662439e-05
2014.2472447773723,1.0496714462662439e-05
2014.3522119219988,1.0496714462662439e-05
2014.4571790666255,1.0496714462662439e-05
2014.5621462112522,1.0496714462662439e-05
2014.6671133558787,1.0496714462662439e-05
2014.7720805005054,1.0496714462662439e-05
2014.877047645132,1.0496714462662439e-05
2014.9820147897585,1.0496714462662439e-05
2015.0869819343852,1.0496714462662439e-05
2015.191949079012,1.0496714462662439e-05
2015.2969162236386,1.0496714462662439e-05
2015.401883368265,1.0496714462662439e-05
2015.5068505128918,1.0496714462662439e-05
2015.6118596443762,0.0019858900436502728
2015.716784802145,1.0496714462662439e-05
2015.8217519467717,1.0496714462662439e-05
2015.9267190913984,1.0496714462662439e-05
2016.0316862360248,1.0496714462662439e-05
2016.1366533806515,1.0496714462662439e-05
2016.241620525278,1.0496714462662439e-05
2016.3465876699047,1.0496714462662439e-05
2016.4515548145314,1.0496714462662439e-05
2016.556521959158,1.0496714462662439e-05
2016.6614891037846,1.0496714462662439e-05
2016.7664562484113,1.0496714462662439e-05
2016.8714233930377,1.0496714462662439e-05
2016.9763905376644,1.0496714462662439e-05
2017.0813576822911,1.0496714462662439e-05
2017.1863248269178,1.0496714462662439e-05
2017.2912919715443,1.0496714462662439e-05
2017.396259116171,1.0496714462662439e-05
2017.5012262607975,1.0496714462662439e-05
2017.6061934054242,1.0496714462662439e-05
2017.7111605500509,1.0496714462662439e-05
2017.8161276946776,1.0496714462662439e-05
2017.921094839304,1.0496714462662439e-05
2018.0260619839307,1.0496714462662439e-05
2018.1310291285572,1.0496714462662439e-05
2018.235996273184,1.0496714462662439e-05
2018.3409844112396,1.0496714462662439e-05
2018.4459305624373,1.0496714462662439e-05
2018.5508977070638,1.0496714462662439e-05
2018.6558648516905,1.0496714462662439e-05
2018.7608319963172,1.0496714462662439e-05
2018.8657991409436,1.0496714462662439e-05
2018.9707662855703,1.0496714462662439e-05
2019.0757964104837,0.003077981939330531
2019.1807005748235,1.0496714462662439e-05
2019.2856677194502,1.0496714462662439e-05
2019.390634864077,1.0496714462662439e-05
2019.4956020087034,1.0496714462662439e-05
2019.60056915333,1.0496714462662439e-05
2019.7055362979568,1.0496714462662439e-05
2019.810629403157,0.002148859094960898
2019.91547058721,1.0496714462662439e-05
2020.0204377318366,1.0496714462662439e-05
2020.125404876463,1.0496714462662439e-05
2020.2303720210898,1.0496714462662439e-05
2020.3353391657165,1.0496714462662439e-05
2020.4403063103432,1.0496714462662439e-05
2020.5452734549697,1.0496714462662439e-05
2020.6502405995964,1.0496714462662439e-05
2020.7552077442228,1.0496714462662439e-05
2020.8601748888495,1.0496714462662439e-05
2020.9651420334762,1.0496714462662439e-05
2021.070109178103,1.0496714462662439e-05
2021.1750763227294,1.0496714462662439e-05
2021.280043467356,1.0496714462662439e-05
2021.3850106119826,1.0496714462662439e-05
2021.4899777566093,1.0496714462662439e-05
2021.594944901236,1.0496714462662439e-05
2021.6999120458627,1.0496714462662439e-05
2021.804921177347,0.002699648163990693
2021.9098463351158,1.0496714462662439e-05
2022.0148134797423,1.0496714462662439e-05
2022.119780624369,1.0496714462662439e-05
2023.1694520706353,1.0496714462662439e-05
2023.274419215262,1.0496714462662439e-05
2023.3793863598885,1.0496714462662439e-05
2023.4843535045152,1.0496714462662439e-05
2023.5893206491419,1.0496714462662439e-05
2023.6942877937684,1.0496714462662439e-05
2023.799254938395,1.0496714462662439e-05
2023.9042220830218,1.0496714462662439e-05
2024.0091892276482,1.0496714462662439e-05
2024.114156372275,1.0496714462662439e-05
2024.2191235169016,1.0496714462662439e-05
2024.3240906615283,1.0496714462662439e-05
2024.4290578061548,1.0496714462662439e-05
2024.5340249507815,1.0496714462662439e-05
2024.638992095408,1.0496714462662439e-05
2024.7439592400347,1.0496714462662439e-05
2024.8489263846614,1.0496714462662439e-05
2024.953893529288,1.0496714462662439e-05
2025.0588606739145,1.0496714462662439e-05
2025.1638278185412,1.0496714462662439e-05
2025.2688579434543,0.0022220731932640608
2025.3737621077944,1.0496714462662439e-05
2025.478729252421,1.0496714462662439e-05
2025.5836963970478,1.0496714462662439e-05
2025.6886635416743,1.0496714462662439e-05
2025.793630686301,1.0496714462662439e-05
2025.8985978309274,1.0496714462662439e-05
2026.0035649755541,1.0496714462662439e-05
2026.1085321201808,1.0496714462662439e-05
2026.2134992648075,1.0496714462662439e-05
2026.318466409434,1.0496714462662439e-05
2026.4234335540607,1.0496714462662439e-05
2026.5284006986872,1.0496714462662439e-05
2026.6333678433139,1.0496714462662439e-05
2026.7383349879406,1.0496714462662439e-05
2026.8468500220556,0.006290642385997777
2026.9482692771937,1.0496714462662439e-05
2027.0570362324559,0.012297681670287611
2027.158203566447,1.0496714462662439e-05
2027.267243436285,0.0024268834853577465
2027.3681378557003,1.0496714462662439e-05
2027.477303686112,1.0496714462662439e-05
2027.5780721449535,1.0496714462662439e-05
2027.6872379753652,0.0019494712558009166
2027.7880064342069,1.0496714462662439e-05
2027.8971722646183,1.0496714462662439e-05
2027.99794072346,1.0496714462662439e-05
2028.1071065538717,0.002230528505209929
2028.2078750127132,1.0496714462662439e-05
2028.317040843125,0.0023666906120704445
2028.4178093019666,1.0496714462662439e-05
2028.526975132378,0.0013166886107088419
2028.6277435912198,1.0496714462662439e-05
2028.7369094216315,0.0013328413560025514
2028.8376778804732,1.0496714462662439e-05
2028.9468437108847,0.0021615472910391283
2029.0476121697263,1.0496714462662439e-05
2029.2575464589795,1.0496714462662439e-05
2029.467480748233,1.0496714462662439e-05
2029.677415037486,1.0496714462662439e-05
2029.8873493267392,1.0496714462662439e-05
2030.1003906434735,0.0011226991463555605
2030.307427839535,0.003290810347296052
2030.5209520051344,0.0022879158234415044
2030.7311802023928,0.0016195389537065122
2030.9411774719326,0.0014140847899057705
2031.1511537480437,0.0010183100611697831
2031.3610880372971,0.012686589076437804
2031.5703715302536,0.0015057421428735257
2031.7803687997937,0.0016031608449472894
2031.9906599773387,0.0016250795310769018
2032.2007202271654,0.003032294858028943
2032.4107594835632,0.0046071267952895395
2032.6206937728166,1.0496714462662439e-05
2032.8295154103369,0.001176621075386802
2033.0398485747396,0.0017404371482406958
2033.2500137917111,0.0027156721434874157
2033.4602209955403,0.0024259138570966415
2033.6686857447687,0.0011785367250939
2033.880299508336,1.0496714462662439e-05
2034.0889951852826,0.001118421507128163
2034.2959903944864,1.0496714462662439e-05
2034.5062185917448,0.0022639584285617425
2034.7162158612846,0.002572539178077082
2034.926360084827,0.002483524641372288
